SampleLabel,Date,Location,Trip,Year,Metric,Conc,Units,Notes
HE_A_3.21_PCH_R1,20210817,Heather,3,2021,chlorophylla,0.0161,mg,NA
HE_A_3.21_PCH_R1,20210817,Heather,3,2021,chlorophylla,2.00E-04,mg_per_cm2,NA
HE_A_3.21_PCH_R2,20210817,Heather,3,2021,chlorophylla,0.0323,mg,corrected chl-a & pheo
HE_A_3.21_PCH_R2,20210817,Heather,3,2021,chlorophylla,3.00E-04,mg_per_cm2,corrected chl-a & pheo
HE_A_3.21_PCH_R3,20210817,Heather,3,2021,chlorophylla,0.0281,mg,NA
HE_A_3.21_PCH_R3,20210817,Heather,3,2021,chlorophylla,3.00E-04,mg_per_cm2,NA
HE_B_3.21_PCH_R1,20210817,Heather,3,2021,chlorophylla,0.0078,mg,NA
HE_B_3.21_PCH_R1,20210817,Heather,3,2021,chlorophylla,1.00E-04,mg_per_cm2,NA
HE_B_3.21_PCH_R2,20210817,Heather,3,2021,chlorophylla,0.01,mg,NA
HE_B_3.21_PCH_R2,20210817,Heather,3,2021,chlorophylla,1.00E-04,mg_per_cm2,NA
HE_C_3.21_PCH_R1,20210817,Heather,3,2021,chlorophylla,0.0368,mg,NA
HE_C_3.21_PCH_R1,20210817,Heather,3,2021,chlorophylla,4.00E-04,mg_per_cm2,NA
HE_C_3.21_PCH_R2,20210817,Heather,3,2021,chlorophylla,0.0874,mg,NA
HE_C_3.21_PCH_R2,20210817,Heather,3,2021,chlorophylla,9.00E-04,mg_per_cm2,NA
HE_C_3.21_PCH_R3,20210817,Heather,3,2021,chlorophylla,0.0759,mg,NA
HE_C_3.21_PCH_R3,20210817,Heather,3,2021,chlorophylla,7.00E-04,mg_per_cm2,NA
EM_A_3.21_PCH_R1,20210820,Emerald,3,2021,chlorophylla,0.0078,mg,NA
EM_A_3.21_PCH_R1,20210820,Emerald,3,2021,chlorophylla,1.00E-04,mg_per_cm2,NA
EM_A_3.21_PCH_R2,20210820,Emerald,3,2021,chlorophylla,0.0047,mg,NA
EM_A_3.21_PCH_R2,20210820,Emerald,3,2021,chlorophylla,0,mg_per_cm2,NA
EM_A_3.21_PCH_R3,20210820,Emerald,3,2021,chlorophylla,0.0031,mg,NA
EM_A_3.21_PCH_R3,20210820,Emerald,3,2021,chlorophylla,0,mg_per_cm2,NA
EM_B_3.21_PCH_R1,20210820,Emerald,3,2021,chlorophylla,0.0195,mg,NA
EM_B_3.21_PCH_R1,20210820,Emerald,3,2021,chlorophylla,2.00E-04,mg_per_cm2,NA
EM_B_3.21_PCH_R2,20210820,Emerald,3,2021,chlorophylla,0.0145,mg,NA
EM_B_3.21_PCH_R2,20210820,Emerald,3,2021,chlorophylla,1.00E-04,mg_per_cm2,NA
EM_B_3.21_PCH_R3,20210820,Emerald,3,2021,chlorophylla,0.0287,mg,corrected chl-a & pheo
EM_B_3.21_PCH_R3,20210820,Emerald,3,2021,chlorophylla,3.00E-04,mg_per_cm2,corrected chl-a & pheo
EM_C_3.21_PCH_R1,20210820,Emerald,3,2021,chlorophylla,0.0237,mg,NA
EM_C_3.21_PCH_R1,20210820,Emerald,3,2021,chlorophylla,2.00E-04,mg_per_cm2,NA
EM_C_3.21_PCH_R2,20210820,Emerald,3,2021,chlorophylla,0.0278,mg,NA
EM_C_3.21_PCH_R2,20210820,Emerald,3,2021,chlorophylla,3.00E-04,mg_per_cm2,NA
EM_C_3.21_PCH_R3,20210820,Emerald,3,2021,chlorophylla,0.0204,mg,NA
EM_C_3.21_PCH_R3,20210820,Emerald,3,2021,chlorophylla,2.00E-04,mg_per_cm2,NA
PE_A_3.21_PCH_R1,20210821,Pear,3,2021,chlorophylla,0.0175,mg,NA
PE_A_3.21_PCH_R1,20210821,Pear,3,2021,chlorophylla,2.00E-04,mg_per_cm2,NA
PE_A_3.21_PCH_R2,20210821,Pear,3,2021,chlorophylla,0.015,mg,NA
PE_A_3.21_PCH_R2,20210821,Pear,3,2021,chlorophylla,1.00E-04,mg_per_cm2,NA
PE_A_3.21_PCH_R3,20210821,Pear,3,2021,chlorophylla,0.0131,mg,NA
PE_A_3.21_PCH_R3,20210821,Pear,3,2021,chlorophylla,1.00E-04,mg_per_cm2,NA
PE_B_3.21_PCH_R1,20210821,Pear,3,2021,chlorophylla,0.0074,mg,NA
PE_B_3.21_PCH_R1,20210821,Pear,3,2021,chlorophylla,1.00E-04,mg_per_cm2,NA
PE_B_3.21_PCH_R2,20210821,Pear,3,2021,chlorophylla,0.0048,mg,NA
PE_B_3.21_PCH_R2,20210821,Pear,3,2021,chlorophylla,0,mg_per_cm2,NA
PE_B_3.21_PCH_R3,20210821,Pear,3,2021,chlorophylla,0.0107,mg,NA
PE_B_3.21_PCH_R3,20210821,Pear,3,2021,chlorophylla,1.00E-04,mg_per_cm2,NA
PE_C_3.21_PCH_R1,20210821,Pear,3,2021,chlorophylla,0.0168,mg,NA
PE_C_3.21_PCH_R1,20210821,Pear,3,2021,chlorophylla,2.00E-04,mg_per_cm2,NA
PE_C_3.21_PCH_R2,20210821,Pear,3,2021,chlorophylla,0.015,mg,NA
PE_C_3.21_PCH_R2,20210821,Pear,3,2021,chlorophylla,1.00E-04,mg_per_cm2,NA
PE_C_3.21_PCH_R3,20210821,Pear,3,2021,chlorophylla,0.0141,mg,NA
PE_C_3.21_PCH_R3,20210821,Pear,3,2021,chlorophylla,1.00E-04,mg_per_cm2,NA
LY_A_3.21_PCH_R1,20210819,Lyness,3,2021,chlorophylla,0.0137,mg,corrected chl-a & pheo
LY_A_3.21_PCH_R1,20210819,Lyness,3,2021,chlorophylla,1.00E-04,mg_per_cm2,corrected chl-a & pheo
LY_A_3.21_PCH_R2,20210819,Lyness,3,2021,chlorophylla,0.0089,mg,corrected chl-a & pheo
LY_A_3.21_PCH_R2,20210819,Lyness,3,2021,chlorophylla,1.00E-04,mg_per_cm2,corrected chl-a & pheo
LY_A_3.21_PCH_R3,20210819,Lyness,3,2021,chlorophylla,0.0056,mg,corrected chl-a & pheo
LY_A_3.21_PCH_R3,20210819,Lyness,3,2021,chlorophylla,1.00E-04,mg_per_cm2,corrected chl-a & pheo
LY_B_3.21_PCH_R1,20210819,Lyness,3,2021,chlorophylla,0.0365,mg,corrected chl-a & pheo
LY_B_3.21_PCH_R1,20210819,Lyness,3,2021,chlorophylla,4.00E-04,mg_per_cm2,corrected chl-a & pheo
LY_B_3.21_PCH_R2,20210819,Lyness,3,2021,chlorophylla,0.0375,mg,NA
LY_B_3.21_PCH_R2,20210819,Lyness,3,2021,chlorophylla,4.00E-04,mg_per_cm2,NA
LY_B_3.21_PCH_R3,20210819,Lyness,3,2021,chlorophylla,0.0283,mg,NA
LY_B_3.21_PCH_R3,20210819,Lyness,3,2021,chlorophylla,3.00E-04,mg_per_cm2,NA
LY_C_3.21_PCH_R1,20210819,Lyness,3,2021,chlorophylla,0.0141,mg,corrected chl-a & pheo
LY_C_3.21_PCH_R1,20210819,Lyness,3,2021,chlorophylla,1.00E-04,mg_per_cm2,corrected chl-a & pheo
LY_C_3.21_PCH_R2,20210819,Lyness,3,2021,chlorophylla,0.0022,mg,NA
LY_C_3.21_PCH_R2,20210819,Lyness,3,2021,chlorophylla,0,mg_per_cm2,NA
LY_C_3.21_PCH_R3,20210819,Lyness,3,2021,chlorophylla,0.0033,mg,NA
LY_C_3.21_PCH_R3,20210819,Lyness,3,2021,chlorophylla,0,mg_per_cm2,NA
FR_A_3.21_PCH_R1,20210818,Frog,3,2021,chlorophylla,0.0138,mg,NA
FR_A_3.21_PCH_R1,20210818,Frog,3,2021,chlorophylla,1.00E-04,mg_per_cm2,NA
FR_A_3.21_PCH_R2,20210818,Frog,3,2021,chlorophylla,0.0233,mg,NA
FR_A_3.21_PCH_R2,20210818,Frog,3,2021,chlorophylla,2.00E-04,mg_per_cm2,NA
FR_A_3.21_PCH_R3,20210818,Frog,3,2021,chlorophylla,0.0125,mg,NA
FR_A_3.21_PCH_R3,20210818,Frog,3,2021,chlorophylla,1.00E-04,mg_per_cm2,NA
FR_B_3.21_PCH_R1,20210818,Frog,3,2021,chlorophylla,8.00E-04,mg,NA
FR_B_3.21_PCH_R1,20210818,Frog,3,2021,chlorophylla,0,mg_per_cm2,NA
FR_B_3.21_PCH_R2,20210818,Frog,3,2021,chlorophylla,0.0044,mg,corrected chl-a & pheo
FR_B_3.21_PCH_R2,20210818,Frog,3,2021,chlorophylla,0,mg_per_cm2,corrected chl-a & pheo
FR_B_3.21_PCH_R3,20210818,Frog,3,2021,chlorophylla,0.0058,mg,NA
FR_B_3.21_PCH_R3,20210818,Frog,3,2021,chlorophylla,1.00E-04,mg_per_cm2,NA
FR_C_3.21_PCH_R1,20210818,Frog,3,2021,chlorophylla,0.0079,mg,NA
FR_C_3.21_PCH_R1,20210818,Frog,3,2021,chlorophylla,1.00E-04,mg_per_cm2,NA
FR_C_3.21_PCH_R2,20210818,Frog,3,2021,chlorophylla,0.0079,mg,NA
FR_C_3.21_PCH_R2,20210818,Frog,3,2021,chlorophylla,1.00E-04,mg_per_cm2,NA
FR_C_3.21_PCH_R3,20210818,Frog,3,2021,chlorophylla,0.005,mg,NA
FR_C_3.21_PCH_R3,20210818,Frog,3,2021,chlorophylla,0,mg_per_cm2,NA
TO_A_3.21_PCH_R1,20210821,Topaz,3,2021,chlorophylla,0.0047,mg,NA
TO_A_3.21_PCH_R1,20210821,Topaz,3,2021,chlorophylla,0,mg_per_cm2,NA
TO_A_3.21_PCH_R2,20210821,Topaz,3,2021,chlorophylla,0.0057,mg,NA
TO_A_3.21_PCH_R2,20210821,Topaz,3,2021,chlorophylla,1.00E-04,mg_per_cm2,NA
TO_A_3.21_PCH_R3,20210821,Topaz,3,2021,chlorophylla,0.0056,mg,NA
TO_A_3.21_PCH_R3,20210821,Topaz,3,2021,chlorophylla,1.00E-04,mg_per_cm2,NA
TO_B_3.21_PCH_R1,20210821,Topaz,3,2021,chlorophylla,0.0033,mg,NA
TO_B_3.21_PCH_R1,20210821,Topaz,3,2021,chlorophylla,0,mg_per_cm2,NA
TO_B_3.21_PCH_R2,20210821,Topaz,3,2021,chlorophylla,0.0032,mg,NA
TO_B_3.21_PCH_R2,20210821,Topaz,3,2021,chlorophylla,0,mg_per_cm2,NA
TO_B_3.21_PCH_R3,20210821,Topaz,3,2021,chlorophylla,0.0035,mg,NA
TO_B_3.21_PCH_R3,20210821,Topaz,3,2021,chlorophylla,0,mg_per_cm2,NA
TO_C_3.21_PCH_R1,20210821,Topaz,3,2021,chlorophylla,0.0059,mg,NA
TO_C_3.21_PCH_R1,20210821,Topaz,3,2021,chlorophylla,1.00E-04,mg_per_cm2,NA
TO_C_3.21_PCH_R2,20210821,Topaz,3,2021,chlorophylla,0.0044,mg,NA
TO_C_3.21_PCH_R2,20210821,Topaz,3,2021,chlorophylla,0,mg_per_cm2,NA
TO_C_3.21_PCH_R3,20210821,Topaz,3,2021,chlorophylla,0.0057,mg,NA
TO_C_3.21_PCH_R3,20210821,Topaz,3,2021,chlorophylla,1.00E-04,mg_per_cm2,NA
HE_A_3.22_PCH_R1,20220818,Heather,3,2022,chlorophylla,0.0697,mg,NA
HE_A_3.22_PCH_R1,20220818,Heather,3,2022,chlorophylla,7.00E-04,mg_per_cm2,NA
HE_A_3.22_PCH_R2,20220818,Heather,3,2022,chlorophylla,0.0228,mg,NA
HE_A_3.22_PCH_R2,20220818,Heather,3,2022,chlorophylla,2.00E-04,mg_per_cm2,NA
HE_A_3.22_PCH_R3,20220818,Heather,3,2022,chlorophylla,0.0444,mg,NA
HE_A_3.22_PCH_R3,20220818,Heather,3,2022,chlorophylla,4.00E-04,mg_per_cm2,NA
HE_B_3.22_PCH_R1,20220818,Heather,3,2022,chlorophylla,0.0397,mg,NA
HE_B_3.22_PCH_R1,20220818,Heather,3,2022,chlorophylla,4.00E-04,mg_per_cm2,NA
HE_B_3.22_PCH_R2,20220818,Heather,3,2022,chlorophylla,0.0193,mg,NA
HE_B_3.22_PCH_R2,20220818,Heather,3,2022,chlorophylla,2.00E-04,mg_per_cm2,NA
HE_B_3.22_PCH_R3,20220818,Heather,3,2022,chlorophylla,0.0298,mg,NA
HE_B_3.22_PCH_R3,20220818,Heather,3,2022,chlorophylla,3.00E-04,mg_per_cm2,NA
HE_C_3.22_PCH_R1,20220818,Heather,3,2022,chlorophylla,0.0435,mg,NA
HE_C_3.22_PCH_R1,20220818,Heather,3,2022,chlorophylla,4.00E-04,mg_per_cm2,NA
HE_C_3.22_PCH_R2,20220818,Heather,3,2022,chlorophylla,0.0092,mg,NA
HE_C_3.22_PCH_R2,20220818,Heather,3,2022,chlorophylla,1.00E-04,mg_per_cm2,NA
HE_C_3.22_PCH_R3,20220818,Heather,3,2022,chlorophylla,0.0648,mg,NA
HE_C_3.22_PCH_R3,20220818,Heather,3,2022,chlorophylla,6.00E-04,mg_per_cm2,NA
EM_A_3.22_PCH_R1,20220820,Emerald,3,2022,chlorophylla,0.0262,mg,NA
EM_A_3.22_PCH_R1,20220820,Emerald,3,2022,chlorophylla,3.00E-04,mg_per_cm2,NA
EM_A_3.22_PCH_R2,20220820,Emerald,3,2022,chlorophylla,0.0212,mg,NA
EM_A_3.22_PCH_R2,20220820,Emerald,3,2022,chlorophylla,2.00E-04,mg_per_cm2,NA
EM_A_3.22_PCH_R3,20220820,Emerald,3,2022,chlorophylla,0.0211,mg,NA
EM_A_3.22_PCH_R3,20220820,Emerald,3,2022,chlorophylla,2.00E-04,mg_per_cm2,NA
EM_B_3.22_PCH_R1,20220820,Emerald,3,2022,chlorophylla,0.0143,mg,NA
EM_B_3.22_PCH_R1,20220820,Emerald,3,2022,chlorophylla,1.00E-04,mg_per_cm2,NA
EM_B_3.22_PCH_R2,20220820,Emerald,3,2022,chlorophylla,0.014,mg,NA
EM_B_3.22_PCH_R2,20220820,Emerald,3,2022,chlorophylla,1.00E-04,mg_per_cm2,NA
EM_B_3.22_PCH_R3,20220820,Emerald,3,2022,chlorophylla,0.0081,mg,NA
EM_B_3.22_PCH_R3,20220820,Emerald,3,2022,chlorophylla,1.00E-04,mg_per_cm2,NA
EM_C_3.22_PCH_R1,20220820,Emerald,3,2022,chlorophylla,0.0256,mg,NA
EM_C_3.22_PCH_R1,20220820,Emerald,3,2022,chlorophylla,3.00E-04,mg_per_cm2,NA
EM_C_3.22_PCH_R2,20220820,Emerald,3,2022,chlorophylla,0.0095,mg,NA
EM_C_3.22_PCH_R2,20220820,Emerald,3,2022,chlorophylla,1.00E-04,mg_per_cm2,NA
EM_C_3.22_PCH_R3,20220820,Emerald,3,2022,chlorophylla,0.0147,mg,NA
EM_C_3.22_PCH_R3,20220820,Emerald,3,2022,chlorophylla,1.00E-04,mg_per_cm2,NA
PE_A_3.22_PCH_R1,20220816,Pear,3,2022,chlorophylla,0.0075,mg,NA
PE_A_3.22_PCH_R1,20220816,Pear,3,2022,chlorophylla,1.00E-04,mg_per_cm2,NA
PE_A_3.22_PCH_R2,20220816,Pear,3,2022,chlorophylla,0.0117,mg,NA
PE_A_3.22_PCH_R2,20220816,Pear,3,2022,chlorophylla,1.00E-04,mg_per_cm2,NA
PE_A_3.22_PCH_R3,20220816,Pear,3,2022,chlorophylla,0.0074,mg,NA
PE_A_3.22_PCH_R3,20220816,Pear,3,2022,chlorophylla,1.00E-04,mg_per_cm2,NA
PE_B_3.22_PCH_R1,20220816,Pear,3,2022,chlorophylla,0.0037,mg,NA
PE_B_3.22_PCH_R1,20220816,Pear,3,2022,chlorophylla,0,mg_per_cm2,NA
PE_B_3.22_PCH_R2,20220816,Pear,3,2022,chlorophylla,0.0038,mg,NA
PE_B_3.22_PCH_R2,20220816,Pear,3,2022,chlorophylla,0,mg_per_cm2,NA
PE_B_3.22_PCH_R3,20220816,Pear,3,2022,chlorophylla,0.0039,mg,NA
PE_B_3.22_PCH_R3,20220816,Pear,3,2022,chlorophylla,0,mg_per_cm2,NA
PE_C_3.22_PCH_R1,20220816,Pear,3,2022,chlorophylla,0.0021,mg,NA
PE_C_3.22_PCH_R1,20220816,Pear,3,2022,chlorophylla,0,mg_per_cm2,NA
PE_C_3.22_PCH_R2,20220816,Pear,3,2022,chlorophylla,0.0044,mg,NA
PE_C_3.22_PCH_R2,20220816,Pear,3,2022,chlorophylla,0,mg_per_cm2,NA
PE_C_3.22_PCH_R3,20220816,Pear,3,2022,chlorophylla,0.0068,mg,NA
PE_C_3.22_PCH_R3,20220816,Pear,3,2022,chlorophylla,1.00E-04,mg_per_cm2,NA
LY_A_3.22_PCH_R1,20220817,Lyness,3,2022,chlorophylla,0.0069,mg,NA
LY_A_3.22_PCH_R1,20220817,Lyness,3,2022,chlorophylla,1.00E-04,mg_per_cm2,NA
LY_A_3.22_PCH_R2,20220817,Lyness,3,2022,chlorophylla,0.0113,mg,NA
LY_A_3.22_PCH_R2,20220817,Lyness,3,2022,chlorophylla,1.00E-04,mg_per_cm2,NA
LY_A_3.22_PCH_R3,20220817,Lyness,3,2022,chlorophylla,0.0072,mg,NA
LY_A_3.22_PCH_R3,20220817,Lyness,3,2022,chlorophylla,1.00E-04,mg_per_cm2,NA
LY_B_3.22_PCH_R1,20220817,Lyness,3,2022,chlorophylla,0.0125,mg,NA
LY_B_3.22_PCH_R1,20220817,Lyness,3,2022,chlorophylla,1.00E-04,mg_per_cm2,NA
LY_B_3.22_PCH_R2,20220817,Lyness,3,2022,chlorophylla,0.0137,mg,NA
LY_B_3.22_PCH_R2,20220817,Lyness,3,2022,chlorophylla,1.00E-04,mg_per_cm2,NA
LY_B_3.22_PCH_R3,20220817,Lyness,3,2022,chlorophylla,0.011,mg,NA
LY_B_3.22_PCH_R3,20220817,Lyness,3,2022,chlorophylla,1.00E-04,mg_per_cm2,NA
LY_C_3.22_PCH_R1,20220817,Lyness,3,2022,chlorophylla,0.0021,mg,NA
LY_C_3.22_PCH_R1,20220817,Lyness,3,2022,chlorophylla,0,mg_per_cm2,NA
LY_C_3.22_PCH_R2,20220817,Lyness,3,2022,chlorophylla,0.0062,mg,NA
LY_C_3.22_PCH_R2,20220817,Lyness,3,2022,chlorophylla,1.00E-04,mg_per_cm2,NA
LY_C_3.22_PCH_R3,20220817,Lyness,3,2022,chlorophylla,0.0041,mg,NA
LY_C_3.22_PCH_R3,20220817,Lyness,3,2022,chlorophylla,0,mg_per_cm2,NA
FR_A_3.22_PCH_R1,20220819,Frog,3,2022,chlorophylla,0.0065,mg,NA
FR_A_3.22_PCH_R1,20220819,Frog,3,2022,chlorophylla,1.00E-04,mg_per_cm2,NA
FR_A_3.22_PCH_R2,20220819,Frog,3,2022,chlorophylla,0.0118,mg,NA
FR_A_3.22_PCH_R2,20220819,Frog,3,2022,chlorophylla,1.00E-04,mg_per_cm2,NA
FR_A_3.22_PCH_R3,20220819,Frog,3,2022,chlorophylla,0.0081,mg,NA
FR_A_3.22_PCH_R3,20220819,Frog,3,2022,chlorophylla,1.00E-04,mg_per_cm2,NA
FR_B_3.22_PCH_R1,20220819,Frog,3,2022,chlorophylla,0.0081,mg,NA
FR_B_3.22_PCH_R1,20220819,Frog,3,2022,chlorophylla,1.00E-04,mg_per_cm2,NA
FR_B_3.22_PCH_R2,20220819,Frog,3,2022,chlorophylla,0.0094,mg,NA
FR_B_3.22_PCH_R2,20220819,Frog,3,2022,chlorophylla,1.00E-04,mg_per_cm2,NA
FR_B_3.22_PCH_R3,20220819,Frog,3,2022,chlorophylla,0.0105,mg,NA
FR_B_3.22_PCH_R3,20220819,Frog,3,2022,chlorophylla,1.00E-04,mg_per_cm2,NA
FR_C_3.22_PCH_R1,20220819,Frog,3,2022,chlorophylla,0.0053,mg,NA
FR_C_3.22_PCH_R1,20220819,Frog,3,2022,chlorophylla,1.00E-04,mg_per_cm2,NA
FR_C_3.22_PCH_R2,20220819,Frog,3,2022,chlorophylla,0.0081,mg,NA
FR_C_3.22_PCH_R2,20220819,Frog,3,2022,chlorophylla,1.00E-04,mg_per_cm2,NA
FR_C_3.22_PCH_R3,20220819,Frog,3,2022,chlorophylla,0.0091,mg,NA
FR_C_3.22_PCH_R3,20220819,Frog,3,2022,chlorophylla,1.00E-04,mg_per_cm2,NA
TO_A_3.22_PCH_R1,20220819,Topaz,3,2022,chlorophylla,0.0037,mg,NA
TO_A_3.22_PCH_R1,20220819,Topaz,3,2022,chlorophylla,0,mg_per_cm2,NA
TO_A_3.22_PCH_R2,20220819,Topaz,3,2022,chlorophylla,0.0027,mg,NA
TO_A_3.22_PCH_R2,20220819,Topaz,3,2022,chlorophylla,0,mg_per_cm2,NA
TO_A_3.22_PCH_R3,20220819,Topaz,3,2022,chlorophylla,0.0025,mg,NA
TO_A_3.22_PCH_R3,20220819,Topaz,3,2022,chlorophylla,0,mg_per_cm2,NA
TO_B_3.22_PCH_R1,20220819,Topaz,3,2022,chlorophylla,0.0019,mg,NA
TO_B_3.22_PCH_R1,20220819,Topaz,3,2022,chlorophylla,0,mg_per_cm2,NA
TO_B_3.22_PCH_R2,20220819,Topaz,3,2022,chlorophylla,0.0032,mg,NA
TO_B_3.22_PCH_R2,20220819,Topaz,3,2022,chlorophylla,0,mg_per_cm2,NA
TO_B_3.22_PCH_R3,20220819,Topaz,3,2022,chlorophylla,0.0023,mg,NA
TO_B_3.22_PCH_R3,20220819,Topaz,3,2022,chlorophylla,0,mg_per_cm2,NA
TO_C_3.22_PCH_R1,20220819,Topaz,3,2022,chlorophylla,0.0091,mg,NA
TO_C_3.22_PCH_R1,20220819,Topaz,3,2022,chlorophylla,1.00E-04,mg_per_cm2,NA
TO_C_3.22_PCH_R2,20220819,Topaz,3,2022,chlorophylla,0.0061,mg,NA
TO_C_3.22_PCH_R2,20220819,Topaz,3,2022,chlorophylla,1.00E-04,mg_per_cm2,NA
TO_C_3.22_PCH_R3,20220819,Topaz,3,2022,chlorophylla,0.0056,mg,NA
TO_C_3.22_PCH_R3,20220819,Topaz,3,2022,chlorophylla,1.00E-04,mg_per_cm2,NA
HE_A_4.22_PCH_R1,20220916,Heather,4,2022,chlorophylla,0.0131,mg,NA
HE_A_4.22_PCH_R1,20220916,Heather,4,2022,chlorophylla,1.00E-04,mg_per_cm2,NA
HE_A_4.22_PCH_R2,20220916,Heather,4,2022,chlorophylla,0.0413,mg,NA
HE_A_4.22_PCH_R2,20220916,Heather,4,2022,chlorophylla,4.00E-04,mg_per_cm2,NA
HE_A_4.22_PCH_R3,20220916,Heather,4,2022,chlorophylla,0.1169,mg,NA
HE_A_4.22_PCH_R3,20220916,Heather,4,2022,chlorophylla,0.0011,mg_per_cm2,NA
HE_B_4.22_PCH_R1,20220916,Heather,4,2022,chlorophylla,0.0243,mg,NA
HE_B_4.22_PCH_R1,20220916,Heather,4,2022,chlorophylla,2.00E-04,mg_per_cm2,NA
HE_B_4.22_PCH_R2,20220916,Heather,4,2022,chlorophylla,0.048,mg,NA
HE_B_4.22_PCH_R2,20220916,Heather,4,2022,chlorophylla,5.00E-04,mg_per_cm2,NA
HE_B_4.22_PCH_R3,20220916,Heather,4,2022,chlorophylla,0.0206,mg,NA
HE_B_4.22_PCH_R3,20220916,Heather,4,2022,chlorophylla,2.00E-04,mg_per_cm2,NA
HE_C_4.22_PCH_R1,20220916,Heather,4,2022,chlorophylla,0.033,mg,NA
HE_C_4.22_PCH_R1,20220916,Heather,4,2022,chlorophylla,3.00E-04,mg_per_cm2,NA
HE_C_4.22_PCH_R2,20220916,Heather,4,2022,chlorophylla,0.0699,mg,NA
HE_C_4.22_PCH_R2,20220916,Heather,4,2022,chlorophylla,7.00E-04,mg_per_cm2,NA
HE_C_4.22_PCH_R3,20220916,Heather,4,2022,chlorophylla,0.1697,mg,NA
HE_C_4.22_PCH_R3,20220916,Heather,4,2022,chlorophylla,0.0017,mg_per_cm2,NA
EM_A_4.22_PCH_R1,20220917,Emerald,4,2022,chlorophylla,0.027,mg,NA
EM_A_4.22_PCH_R1,20220917,Emerald,4,2022,chlorophylla,3.00E-04,mg_per_cm2,NA
EM_A_4.22_PCH_R2,20220917,Emerald,4,2022,chlorophylla,0.0222,mg,NA
EM_A_4.22_PCH_R2,20220917,Emerald,4,2022,chlorophylla,2.00E-04,mg_per_cm2,NA
EM_A_4.22_PCH_R3,20220917,Emerald,4,2022,chlorophylla,0.0568,mg,NA
EM_A_4.22_PCH_R3,20220917,Emerald,4,2022,chlorophylla,6.00E-04,mg_per_cm2,NA
EM_B_4.22_PCH_R1,20220917,Emerald,4,2022,chlorophylla,0.0197,mg,NA
EM_B_4.22_PCH_R1,20220917,Emerald,4,2022,chlorophylla,2.00E-04,mg_per_cm2,NA
EM_B_4.22_PCH_R2,20220917,Emerald,4,2022,chlorophylla,0.0193,mg,NA
EM_B_4.22_PCH_R2,20220917,Emerald,4,2022,chlorophylla,2.00E-04,mg_per_cm2,NA
EM_B_4.22_PCH_R3,20220917,Emerald,4,2022,chlorophylla,0.0155,mg,NA
EM_B_4.22_PCH_R3,20220917,Emerald,4,2022,chlorophylla,2.00E-04,mg_per_cm2,NA
EM_C_4.22_PCH_R1,20220917,Emerald,4,2022,chlorophylla,0.0327,mg,NA
EM_C_4.22_PCH_R1,20220917,Emerald,4,2022,chlorophylla,3.00E-04,mg_per_cm2,NA
EM_C_4.22_PCH_R2,20220917,Emerald,4,2022,chlorophylla,0.0083,mg,NA
EM_C_4.22_PCH_R2,20220917,Emerald,4,2022,chlorophylla,1.00E-04,mg_per_cm2,NA
EM_C_4.22_PCH_R3,20220917,Emerald,4,2022,chlorophylla,0.0263,mg,NA
EM_C_4.22_PCH_R3,20220917,Emerald,4,2022,chlorophylla,3.00E-04,mg_per_cm2,NA
PE_A_4.22_PCH_R1,20220913,Pear,4,2022,chlorophylla,0.0189,mg,NA
PE_A_4.22_PCH_R1,20220913,Pear,4,2022,chlorophylla,2.00E-04,mg_per_cm2,NA
PE_A_4.22_PCH_R2,20220913,Pear,4,2022,chlorophylla,0.0178,mg,NA
PE_A_4.22_PCH_R2,20220913,Pear,4,2022,chlorophylla,2.00E-04,mg_per_cm2,NA
PE_A_4.22_PCH_R3,20220913,Pear,4,2022,chlorophylla,0.0097,mg,NA
PE_A_4.22_PCH_R3,20220913,Pear,4,2022,chlorophylla,1.00E-04,mg_per_cm2,NA
PE_B_4.22_PCH_R1,20220913,Pear,4,2022,chlorophylla,0.0055,mg,NA
PE_B_4.22_PCH_R1,20220913,Pear,4,2022,chlorophylla,1.00E-04,mg_per_cm2,NA
PE_B_4.22_PCH_R2,20220913,Pear,4,2022,chlorophylla,0.0056,mg,NA
PE_B_4.22_PCH_R2,20220913,Pear,4,2022,chlorophylla,1.00E-04,mg_per_cm2,NA
PE_B_4.22_PCH_R3,20220913,Pear,4,2022,chlorophylla,0.0054,mg,NA
PE_B_4.22_PCH_R3,20220913,Pear,4,2022,chlorophylla,1.00E-04,mg_per_cm2,NA
PE_C_4.22_PCH_R1,20220913,Pear,4,2022,chlorophylla,0.0128,mg,NA
PE_C_4.22_PCH_R1,20220913,Pear,4,2022,chlorophylla,1.00E-04,mg_per_cm2,NA
PE_C_4.22_PCH_R2,20220913,Pear,4,2022,chlorophylla,0.0205,mg,NA
PE_C_4.22_PCH_R2,20220913,Pear,4,2022,chlorophylla,2.00E-04,mg_per_cm2,NA
PE_C_4.22_PCH_R3,20220913,Pear,4,2022,chlorophylla,0.0104,mg,NA
PE_C_4.22_PCH_R3,20220913,Pear,4,2022,chlorophylla,1.00E-04,mg_per_cm2,NA
LY_A_4.22_PCH_R1,20220914,Lyness,4,2022,chlorophylla,0.0262,mg,NA
LY_A_4.22_PCH_R1,20220914,Lyness,4,2022,chlorophylla,3.00E-04,mg_per_cm2,NA
LY_A_4.22_PCH_R2,20220914,Lyness,4,2022,chlorophylla,0.015,mg,NA
LY_A_4.22_PCH_R2,20220914,Lyness,4,2022,chlorophylla,1.00E-04,mg_per_cm2,NA
LY_A_4.22_PCH_R3,20220914,Lyness,4,2022,chlorophylla,0.011,mg,NA
LY_A_4.22_PCH_R3,20220914,Lyness,4,2022,chlorophylla,1.00E-04,mg_per_cm2,NA
LY_B_4.22_PCH_R1,20220914,Lyness,4,2022,chlorophylla,0.0569,mg,NA
LY_B_4.22_PCH_R1,20220914,Lyness,4,2022,chlorophylla,6.00E-04,mg_per_cm2,NA
LY_B_4.22_PCH_R2,20220914,Lyness,4,2022,chlorophylla,0.0256,mg,NA
LY_B_4.22_PCH_R2,20220914,Lyness,4,2022,chlorophylla,3.00E-04,mg_per_cm2,NA
LY_B_4.22_PCH_R3,20220914,Lyness,4,2022,chlorophylla,0.0395,mg,NA
LY_B_4.22_PCH_R3,20220914,Lyness,4,2022,chlorophylla,4.00E-04,mg_per_cm2,NA
LY_C_4.22_PCH_R1,20220914,Lyness,4,2022,chlorophylla,0.0296,mg,NA
LY_C_4.22_PCH_R1,20220914,Lyness,4,2022,chlorophylla,3.00E-04,mg_per_cm2,NA
LY_C_4.22_PCH_R2,20220914,Lyness,4,2022,chlorophylla,0.0217,mg,NA
LY_C_4.22_PCH_R2,20220914,Lyness,4,2022,chlorophylla,2.00E-04,mg_per_cm2,NA
LY_C_4.22_PCH_R3,20220914,Lyness,4,2022,chlorophylla,0.0103,mg,NA
LY_C_4.22_PCH_R3,20220914,Lyness,4,2022,chlorophylla,1.00E-04,mg_per_cm2,NA
FR_A_4.22_PCH_R1,20220915,Frog,4,2022,chlorophylla,0.037,mg,NA
FR_A_4.22_PCH_R1,20220915,Frog,4,2022,chlorophylla,4.00E-04,mg_per_cm2,NA
FR_A_4.22_PCH_R2,20220915,Frog,4,2022,chlorophylla,0.0205,mg,NA
FR_A_4.22_PCH_R2,20220915,Frog,4,2022,chlorophylla,2.00E-04,mg_per_cm2,NA
FR_A_4.22_PCH_R3,20220915,Frog,4,2022,chlorophylla,0.0438,mg,NA
FR_A_4.22_PCH_R3,20220915,Frog,4,2022,chlorophylla,4.00E-04,mg_per_cm2,NA
FR_B_4.22_PCH_R1,20220915,Frog,4,2022,chlorophylla,0.054,mg,NA
FR_B_4.22_PCH_R1,20220915,Frog,4,2022,chlorophylla,5.00E-04,mg_per_cm2,NA
FR_B_4.22_PCH_R2,20220915,Frog,4,2022,chlorophylla,0.0414,mg,NA
FR_B_4.22_PCH_R2,20220915,Frog,4,2022,chlorophylla,4.00E-04,mg_per_cm2,NA
FR_B_4.22_PCH_R3,20220915,Frog,4,2022,chlorophylla,0.0354,mg,NA
FR_B_4.22_PCH_R3,20220915,Frog,4,2022,chlorophylla,3.00E-04,mg_per_cm2,NA
FR_C_4.22_PCH_R1,20220915,Frog,4,2022,chlorophylla,0.029,mg,NA
FR_C_4.22_PCH_R1,20220915,Frog,4,2022,chlorophylla,3.00E-04,mg_per_cm2,NA
FR_C_4.22_PCH_R2,20220915,Frog,4,2022,chlorophylla,0.0266,mg,NA
FR_C_4.22_PCH_R2,20220915,Frog,4,2022,chlorophylla,3.00E-04,mg_per_cm2,NA
FR_C_4.22_PCH_R3,20220915,Frog,4,2022,chlorophylla,0.0355,mg,NA
FR_C_4.22_PCH_R3,20220915,Frog,4,2022,chlorophylla,3.00E-04,mg_per_cm2,NA
TO_A_4.22_PCH_R1,20220915,Topaz,4,2022,chlorophylla,0.0117,mg,NA
TO_A_4.22_PCH_R1,20220915,Topaz,4,2022,chlorophylla,1.00E-04,mg_per_cm2,NA
TO_A_4.22_PCH_R2,20220915,Topaz,4,2022,chlorophylla,0.0092,mg,NA
TO_A_4.22_PCH_R2,20220915,Topaz,4,2022,chlorophylla,1.00E-04,mg_per_cm2,NA
TO_A_4.22_PCH_R3,20220915,Topaz,4,2022,chlorophylla,0.0136,mg,NA
TO_A_4.22_PCH_R3,20220915,Topaz,4,2022,chlorophylla,1.00E-04,mg_per_cm2,NA
TO_B_4.22_PCH_R1,20220915,Topaz,4,2022,chlorophylla,0.0089,mg,NA
TO_B_4.22_PCH_R1,20220915,Topaz,4,2022,chlorophylla,1.00E-04,mg_per_cm2,NA
TO_B_4.22_PCH_R2,20220915,Topaz,4,2022,chlorophylla,0.0072,mg,NA
TO_B_4.22_PCH_R2,20220915,Topaz,4,2022,chlorophylla,1.00E-04,mg_per_cm2,NA
TO_B_4.22_PCH_R3,20220915,Topaz,4,2022,chlorophylla,0.0035,mg,NA
TO_B_4.22_PCH_R3,20220915,Topaz,4,2022,chlorophylla,0,mg_per_cm2,NA
TO_C_4.22_PCH_R1,20220915,Topaz,4,2022,chlorophylla,0.0201,mg,NA
TO_C_4.22_PCH_R1,20220915,Topaz,4,2022,chlorophylla,2.00E-04,mg_per_cm2,NA
TO_C_4.22_PCH_R2,20220915,Topaz,4,2022,chlorophylla,0.0296,mg,NA
TO_C_4.22_PCH_R2,20220915,Topaz,4,2022,chlorophylla,3.00E-04,mg_per_cm2,NA
TO_C_4.22_PCH_R3,20220915,Topaz,4,2022,chlorophylla,0.0265,mg,NA
TO_C_4.22_PCH_R3,20220915,Topaz,4,2022,chlorophylla,3.00E-04,mg_per_cm2,NA
HE_A_5.22_PCH_R1,20221013,Heather,5,2022,chlorophylla,0.0277,mg,NA
HE_A_5.22_PCH_R1,20221013,Heather,5,2022,chlorophylla,3.00E-04,mg_per_cm2,NA
HE_A_5.22_PCH_R2,20221013,Heather,5,2022,chlorophylla,0.0261,mg,NA
HE_A_5.22_PCH_R2,20221013,Heather,5,2022,chlorophylla,3.00E-04,mg_per_cm2,NA
HE_A_5.22_PCH_R3,20221013,Heather,5,2022,chlorophylla,0.0311,mg,NA
HE_A_5.22_PCH_R3,20221013,Heather,5,2022,chlorophylla,3.00E-04,mg_per_cm2,NA
HE_B_5.22_PCH_R1,20221013,Heather,5,2022,chlorophylla,0.0642,mg,NA
HE_B_5.22_PCH_R1,20221013,Heather,5,2022,chlorophylla,6.00E-04,mg_per_cm2,NA
HE_B_5.22_PCH_R2,20221013,Heather,5,2022,chlorophylla,0.0449,mg,NA
HE_B_5.22_PCH_R2,20221013,Heather,5,2022,chlorophylla,4.00E-04,mg_per_cm2,NA
HE_B_5.22_PCH_R3,20221013,Heather,5,2022,chlorophylla,0.0529,mg,NA
HE_B_5.22_PCH_R3,20221013,Heather,5,2022,chlorophylla,5.00E-04,mg_per_cm2,NA
HE_C_5.22_PCH_R1,20221013,Heather,5,2022,chlorophylla,0.0491,mg,NA
HE_C_5.22_PCH_R1,20221013,Heather,5,2022,chlorophylla,5.00E-04,mg_per_cm2,NA
HE_C_5.22_PCH_R2,20221013,Heather,5,2022,chlorophylla,0.0637,mg,NA
HE_C_5.22_PCH_R2,20221013,Heather,5,2022,chlorophylla,6.00E-04,mg_per_cm2,NA
HE_C_5.22_PCH_R3,20221013,Heather,5,2022,chlorophylla,0.1162,mg,NA
HE_C_5.22_PCH_R3,20221013,Heather,5,2022,chlorophylla,0.0011,mg_per_cm2,NA
EM_A_5.22_PCH_R1,20221015,Emerald,5,2022,chlorophylla,0.0376,mg,NA
EM_A_5.22_PCH_R1,20221015,Emerald,5,2022,chlorophylla,4.00E-04,mg_per_cm2,NA
EM_A_5.22_PCH_R2,20221015,Emerald,5,2022,chlorophylla,0.0568,mg,NA
EM_A_5.22_PCH_R2,20221015,Emerald,5,2022,chlorophylla,6.00E-04,mg_per_cm2,NA
EM_A_5.22_PCH_R3,20221015,Emerald,5,2022,chlorophylla,0.0201,mg,NA
EM_A_5.22_PCH_R3,20221015,Emerald,5,2022,chlorophylla,2.00E-04,mg_per_cm2,NA
EM_B_5.22_PCH_R1,20221015,Emerald,5,2022,chlorophylla,0.0323,mg,NA
EM_B_5.22_PCH_R1,20221015,Emerald,5,2022,chlorophylla,3.00E-04,mg_per_cm2,NA
EM_B_5.22_PCH_R2,20221015,Emerald,5,2022,chlorophylla,0.0295,mg,NA
EM_B_5.22_PCH_R2,20221015,Emerald,5,2022,chlorophylla,3.00E-04,mg_per_cm2,NA
EM_B_5.22_PCH_R3,20221015,Emerald,5,2022,chlorophylla,0.0257,mg,NA
EM_B_5.22_PCH_R3,20221015,Emerald,5,2022,chlorophylla,3.00E-04,mg_per_cm2,NA
EM_C_5.22_PCH_R1,20221015,Emerald,5,2022,chlorophylla,0.0224,mg,NA
EM_C_5.22_PCH_R1,20221015,Emerald,5,2022,chlorophylla,2.00E-04,mg_per_cm2,NA
EM_C_5.22_PCH_R2,20221015,Emerald,5,2022,chlorophylla,0.0125,mg,NA
EM_C_5.22_PCH_R2,20221015,Emerald,5,2022,chlorophylla,1.00E-04,mg_per_cm2,NA
EM_C_5.22_PCH_R3,20221015,Emerald,5,2022,chlorophylla,0.0077,mg,NA
EM_C_5.22_PCH_R3,20221015,Emerald,5,2022,chlorophylla,1.00E-04,mg_per_cm2,NA
PE_A_5.22_PCH_R1,20221011,Pear,5,2022,chlorophylla,0.019,mg,NA
PE_A_5.22_PCH_R1,20221011,Pear,5,2022,chlorophylla,2.00E-04,mg_per_cm2,NA
PE_A_5.22_PCH_R2,20221011,Pear,5,2022,chlorophylla,0.0179,mg,NA
PE_A_5.22_PCH_R2,20221011,Pear,5,2022,chlorophylla,2.00E-04,mg_per_cm2,NA
PE_A_5.22_PCH_R3,20221011,Pear,5,2022,chlorophylla,0.018,mg,NA
PE_A_5.22_PCH_R3,20221011,Pear,5,2022,chlorophylla,2.00E-04,mg_per_cm2,NA
PE_B_5.22_PCH_R1,20221011,Pear,5,2022,chlorophylla,0.0035,mg,NA
PE_B_5.22_PCH_R1,20221011,Pear,5,2022,chlorophylla,0,mg_per_cm2,NA
PE_B_5.22_PCH_R2,20221011,Pear,5,2022,chlorophylla,0.0029,mg,NA
PE_B_5.22_PCH_R2,20221011,Pear,5,2022,chlorophylla,0,mg_per_cm2,NA
PE_B_5.22_PCH_R3,20221011,Pear,5,2022,chlorophylla,0.0028,mg,NA
PE_B_5.22_PCH_R3,20221011,Pear,5,2022,chlorophylla,0,mg_per_cm2,NA
PE_C_5.22_PCH_R1,20221011,Pear,5,2022,chlorophylla,0.0077,mg,NA
PE_C_5.22_PCH_R1,20221011,Pear,5,2022,chlorophylla,1.00E-04,mg_per_cm2,NA
PE_C_5.22_PCH_R2,20221011,Pear,5,2022,chlorophylla,0.0126,mg,NA
PE_C_5.22_PCH_R2,20221011,Pear,5,2022,chlorophylla,1.00E-04,mg_per_cm2,NA
PE_C_5.22_PCH_R3,20221011,Pear,5,2022,chlorophylla,0.0085,mg,NA
PE_C_5.22_PCH_R3,20221011,Pear,5,2022,chlorophylla,1.00E-04,mg_per_cm2,NA
LY_A_5.22_PCH_R1,20221012,Lyness,5,2022,chlorophylla,0.0288,mg,NA
LY_A_5.22_PCH_R1,20221012,Lyness,5,2022,chlorophylla,3.00E-04,mg_per_cm2,NA
LY_A_5.22_PCH_R2,20221012,Lyness,5,2022,chlorophylla,0.0164,mg,NA
LY_A_5.22_PCH_R2,20221012,Lyness,5,2022,chlorophylla,2.00E-04,mg_per_cm2,NA
LY_A_5.22_PCH_R3,20221012,Lyness,5,2022,chlorophylla,0.0197,mg,NA
LY_A_5.22_PCH_R3,20221012,Lyness,5,2022,chlorophylla,2.00E-04,mg_per_cm2,NA
LY_B_5.22_PCH_R1,20221012,Lyness,5,2022,chlorophylla,0.0328,mg,NA
LY_B_5.22_PCH_R1,20221012,Lyness,5,2022,chlorophylla,3.00E-04,mg_per_cm2,NA
LY_B_5.22_PCH_R2,20221012,Lyness,5,2022,chlorophylla,0.0258,mg,NA
LY_B_5.22_PCH_R2,20221012,Lyness,5,2022,chlorophylla,3.00E-04,mg_per_cm2,NA
LY_B_5.22_PCH_R3,20221012,Lyness,5,2022,chlorophylla,0.0251,mg,NA
LY_B_5.22_PCH_R3,20221012,Lyness,5,2022,chlorophylla,2.00E-04,mg_per_cm2,NA
LY_C_5.22_PCH_R1,20221012,Lyness,5,2022,chlorophylla,0.0382,mg,NA
LY_C_5.22_PCH_R1,20221012,Lyness,5,2022,chlorophylla,4.00E-04,mg_per_cm2,NA
LY_C_5.22_PCH_R2,20221012,Lyness,5,2022,chlorophylla,0.0275,mg,NA
LY_C_5.22_PCH_R2,20221012,Lyness,5,2022,chlorophylla,3.00E-04,mg_per_cm2,NA
LY_C_5.22_PCH_R3,20221012,Lyness,5,2022,chlorophylla,0.0304,mg,NA
LY_C_5.22_PCH_R3,20221012,Lyness,5,2022,chlorophylla,3.00E-04,mg_per_cm2,NA
FR_A_5.22_PCH_R1,20221014,Frog,5,2022,chlorophylla,0.0259,mg,NA
FR_A_5.22_PCH_R1,20221014,Frog,5,2022,chlorophylla,3.00E-04,mg_per_cm2,NA
FR_A_5.22_PCH_R2,20221014,Frog,5,2022,chlorophylla,0.0267,mg,NA
FR_A_5.22_PCH_R2,20221014,Frog,5,2022,chlorophylla,3.00E-04,mg_per_cm2,NA
FR_A_5.22_PCH_R3,20221014,Frog,5,2022,chlorophylla,0.027,mg,NA
FR_A_5.22_PCH_R3,20221014,Frog,5,2022,chlorophylla,3.00E-04,mg_per_cm2,NA
FR_B_5.22_PCH_R1,20221014,Frog,5,2022,chlorophylla,0.0221,mg,NA
FR_B_5.22_PCH_R1,20221014,Frog,5,2022,chlorophylla,2.00E-04,mg_per_cm2,NA
FR_B_5.22_PCH_R2,20221014,Frog,5,2022,chlorophylla,0.0342,mg,NA
FR_B_5.22_PCH_R2,20221014,Frog,5,2022,chlorophylla,3.00E-04,mg_per_cm2,NA
FR_B_5.22_PCH_R3,20221014,Frog,5,2022,chlorophylla,0.0211,mg,NA
FR_B_5.22_PCH_R3,20221014,Frog,5,2022,chlorophylla,2.00E-04,mg_per_cm2,NA
FR_C_5.22_PCH_R1,20221014,Frog,5,2022,chlorophylla,0.0743,mg,NA
FR_C_5.22_PCH_R1,20221014,Frog,5,2022,chlorophylla,7.00E-04,mg_per_cm2,NA
FR_C_5.22_PCH_R2,20221014,Frog,5,2022,chlorophylla,0.0427,mg,NA
FR_C_5.22_PCH_R2,20221014,Frog,5,2022,chlorophylla,4.00E-04,mg_per_cm2,NA
FR_C_5.22_PCH_R3,20221014,Frog,5,2022,chlorophylla,0.0364,mg,NA
FR_C_5.22_PCH_R3,20221014,Frog,5,2022,chlorophylla,4.00E-04,mg_per_cm2,NA
TO_A_5.22_PCH_R1,20221014,Topaz,5,2022,chlorophylla,0.0113,mg,NA
TO_A_5.22_PCH_R1,20221014,Topaz,5,2022,chlorophylla,1.00E-04,mg_per_cm2,NA
TO_A_5.22_PCH_R2,20221014,Topaz,5,2022,chlorophylla,0.0101,mg,NA
TO_A_5.22_PCH_R2,20221014,Topaz,5,2022,chlorophylla,1.00E-04,mg_per_cm2,NA
TO_A_5.22_PCH_R3,20221014,Topaz,5,2022,chlorophylla,0.0139,mg,NA
TO_A_5.22_PCH_R3,20221014,Topaz,5,2022,chlorophylla,1.00E-04,mg_per_cm2,NA
TO_B_5.22_PCH_R1,20221014,Topaz,5,2022,chlorophylla,0.005,mg,NA
TO_B_5.22_PCH_R1,20221014,Topaz,5,2022,chlorophylla,0,mg_per_cm2,NA
TO_B_5.22_PCH_R2,20221014,Topaz,5,2022,chlorophylla,0.0069,mg,NA
TO_B_5.22_PCH_R2,20221014,Topaz,5,2022,chlorophylla,1.00E-04,mg_per_cm2,NA
TO_B_5.22_PCH_R3,20221014,Topaz,5,2022,chlorophylla,0.0042,mg,NA
TO_B_5.22_PCH_R3,20221014,Topaz,5,2022,chlorophylla,0,mg_per_cm2,NA
TO_C_5.22_PCH_R1,20221014,Topaz,5,2022,chlorophylla,0.0137,mg,NA
TO_C_5.22_PCH_R1,20221014,Topaz,5,2022,chlorophylla,1.00E-04,mg_per_cm2,NA
TO_C_5.22_PCH_R2,20221014,Topaz,5,2022,chlorophylla,0.0111,mg,NA
TO_C_5.22_PCH_R2,20221014,Topaz,5,2022,chlorophylla,1.00E-04,mg_per_cm2,NA
TO_C_5.22_PCH_R3,20221014,Topaz,5,2022,chlorophylla,0.0104,mg,NA
TO_C_5.22_PCH_R3,20221014,Topaz,5,2022,chlorophylla,1.00E-04,mg_per_cm2,NA
HE_A_3.21_ADM_R1,20210817,Heather,3,2021,AFDM,0.032,g,NA
HE_A_3.21_ADM_R1,20210817,Heather,3,2021,AFDM,0,g_per_cm2,NA
HE_A_3.21_ADM_R2,20210817,Heather,3,2021,AFDM,0.023,g,NA
HE_A_3.21_ADM_R2,20210817,Heather,3,2021,AFDM,0,g_per_cm2,NA
HE_A_3.21_ADM_R3,20210817,Heather,3,2021,AFDM,0.026,g,NA
HE_A_3.21_ADM_R3,20210817,Heather,3,2021,AFDM,0,g_per_cm2,NA
HE_B_3.21_ADM_R1,20210817,Heather,3,2021,AFDM,0.022,g,NA
HE_B_3.21_ADM_R1,20210817,Heather,3,2021,AFDM,0,g_per_cm2,NA
HE_B_3.21_ADM_R2,20210817,Heather,3,2021,AFDM,0.043,g,NA
HE_B_3.21_ADM_R2,20210817,Heather,3,2021,AFDM,0,g_per_cm2,NA
HE_B_3.21_ADM_R3,20210817,Heather,3,2021,AFDM,NA,g,NA
HE_B_3.21_ADM_R3,20210817,Heather,3,2021,AFDM,NA,g_per_cm2,NA
HE_C_3.21_ADM_R1,20210817,Heather,3,2021,AFDM,0.091,g,NA
HE_C_3.21_ADM_R1,20210817,Heather,3,2021,AFDM,0.001,g_per_cm2,NA
HE_C_3.21_ADM_R2,20210817,Heather,3,2021,AFDM,0.056,g,NA
HE_C_3.21_ADM_R2,20210817,Heather,3,2021,AFDM,0.001,g_per_cm2,NA
HE_C_3.21_ADM_R3,20210817,Heather,3,2021,AFDM,0.051,g,NA
HE_C_3.21_ADM_R3,20210817,Heather,3,2021,AFDM,0.001,g_per_cm2,NA
EM_A_3.21_ADM_R1,20210820,Emerald,3,2021,AFDM,0.003,g,NA
EM_A_3.21_ADM_R1,20210820,Emerald,3,2021,AFDM,0,g_per_cm2,NA
EM_A_3.21_ADM_R2,20210820,Emerald,3,2021,AFDM,0.006,g,NA
EM_A_3.21_ADM_R2,20210820,Emerald,3,2021,AFDM,0,g_per_cm2,NA
EM_A_3.21_ADM_R3,20210820,Emerald,3,2021,AFDM,0.006,g,NA
EM_A_3.21_ADM_R3,20210820,Emerald,3,2021,AFDM,0,g_per_cm2,NA
EM_B_3.21_ADM_R1,20210820,Emerald,3,2021,AFDM,0.015,g,NA
EM_B_3.21_ADM_R1,20210820,Emerald,3,2021,AFDM,0,g_per_cm2,NA
EM_B_3.21_ADM_R2,20210820,Emerald,3,2021,AFDM,0.024,g,NA
EM_B_3.21_ADM_R2,20210820,Emerald,3,2021,AFDM,0,g_per_cm2,NA
EM_B_3.21_ADM_R3,20210820,Emerald,3,2021,AFDM,0.033,g,NA
EM_B_3.21_ADM_R3,20210820,Emerald,3,2021,AFDM,0,g_per_cm2,NA
EM_C_3.21_ADM_R1,20210820,Emerald,3,2021,AFDM,0.03,g,NA
EM_C_3.21_ADM_R1,20210820,Emerald,3,2021,AFDM,0,g_per_cm2,NA
EM_C_3.21_ADM_R2,20210820,Emerald,3,2021,AFDM,0.033,g,NA
EM_C_3.21_ADM_R2,20210820,Emerald,3,2021,AFDM,0,g_per_cm2,NA
EM_C_3.21_ADM_R3,20210820,Emerald,3,2021,AFDM,0.028,g,NA
EM_C_3.21_ADM_R3,20210820,Emerald,3,2021,AFDM,0,g_per_cm2,NA
PE_A_3.21_ADM_R1,20210821,Pear,3,2021,AFDM,0.025,g,NA
PE_A_3.21_ADM_R1,20210821,Pear,3,2021,AFDM,0,g_per_cm2,NA
PE_A_3.21_ADM_R2,20210821,Pear,3,2021,AFDM,0.024,g,NA
PE_A_3.21_ADM_R2,20210821,Pear,3,2021,AFDM,0,g_per_cm2,NA
PE_A_3.21_ADM_R3,20210821,Pear,3,2021,AFDM,0.023,g,NA
PE_A_3.21_ADM_R3,20210821,Pear,3,2021,AFDM,0,g_per_cm2,NA
PE_B_3.21_ADM_R1,20210821,Pear,3,2021,AFDM,0.011,g,NA
PE_B_3.21_ADM_R1,20210821,Pear,3,2021,AFDM,0,g_per_cm2,NA
PE_B_3.21_ADM_R2,20210821,Pear,3,2021,AFDM,0.013,g,NA
PE_B_3.21_ADM_R2,20210821,Pear,3,2021,AFDM,0,g_per_cm2,NA
PE_B_3.21_ADM_R3,20210821,Pear,3,2021,AFDM,0.009,g,NA
PE_B_3.21_ADM_R3,20210821,Pear,3,2021,AFDM,0,g_per_cm2,NA
PE_C_3.21_ADM_R1,20210821,Pear,3,2021,AFDM,0.021,g,NA
PE_C_3.21_ADM_R1,20210821,Pear,3,2021,AFDM,0,g_per_cm2,NA
PE_C_3.21_ADM_R2,20210821,Pear,3,2021,AFDM,0.018,g,NA
PE_C_3.21_ADM_R2,20210821,Pear,3,2021,AFDM,0,g_per_cm2,NA
PE_C_3.21_ADM_R3,20210821,Pear,3,2021,AFDM,0.02,g,NA
PE_C_3.21_ADM_R3,20210821,Pear,3,2021,AFDM,0,g_per_cm2,NA
LY_A_3.21_ADM_R1,20210819,Lyness,3,2021,AFDM,0.013,g,NA
LY_A_3.21_ADM_R1,20210819,Lyness,3,2021,AFDM,0,g_per_cm2,NA
LY_A_3.21_ADM_R2,20210819,Lyness,3,2021,AFDM,0.008,g,NA
LY_A_3.21_ADM_R2,20210819,Lyness,3,2021,AFDM,0,g_per_cm2,NA
LY_A_3.21_ADM_R3,20210819,Lyness,3,2021,AFDM,0.013,g,NA
LY_A_3.21_ADM_R3,20210819,Lyness,3,2021,AFDM,0,g_per_cm2,NA
LY_B_3.21_ADM_R1,20210819,Lyness,3,2021,AFDM,0.038,g,NA
LY_B_3.21_ADM_R1,20210819,Lyness,3,2021,AFDM,0,g_per_cm2,NA
LY_B_3.21_ADM_R2,20210819,Lyness,3,2021,AFDM,0.03,g,NA
LY_B_3.21_ADM_R2,20210819,Lyness,3,2021,AFDM,0,g_per_cm2,NA
LY_B_3.21_ADM_R3,20210819,Lyness,3,2021,AFDM,0.032,g,NA
LY_B_3.21_ADM_R3,20210819,Lyness,3,2021,AFDM,0,g_per_cm2,NA
LY_C_3.21_ADM_R1,20210819,Lyness,3,2021,AFDM,0.006,g,NA
LY_C_3.21_ADM_R1,20210819,Lyness,3,2021,AFDM,0,g_per_cm2,NA
LY_C_3.21_ADM_R2,20210819,Lyness,3,2021,AFDM,0.007,g,NA
LY_C_3.21_ADM_R2,20210819,Lyness,3,2021,AFDM,0,g_per_cm2,NA
LY_C_3.21_ADM_R3,20210819,Lyness,3,2021,AFDM,0.006,g,NA
LY_C_3.21_ADM_R3,20210819,Lyness,3,2021,AFDM,0,g_per_cm2,NA
FR_A_3.21_ADM_R1,20210818,Frog,3,2021,AFDM,0.029,g,NA
FR_A_3.21_ADM_R1,20210818,Frog,3,2021,AFDM,0,g_per_cm2,NA
FR_A_3.21_ADM_R2,20210818,Frog,3,2021,AFDM,0.026,g,NA
FR_A_3.21_ADM_R2,20210818,Frog,3,2021,AFDM,0,g_per_cm2,NA
FR_A_3.21_ADM_R3,20210818,Frog,3,2021,AFDM,0.065,g,NA
FR_A_3.21_ADM_R3,20210818,Frog,3,2021,AFDM,0.001,g_per_cm2,NA
FR_B_3.21_ADM_R1,20210818,Frog,3,2021,AFDM,0.007,g,NA
FR_B_3.21_ADM_R1,20210818,Frog,3,2021,AFDM,0,g_per_cm2,NA
FR_B_3.21_ADM_R2,20210818,Frog,3,2021,AFDM,0.005,g,NA
FR_B_3.21_ADM_R2,20210818,Frog,3,2021,AFDM,0,g_per_cm2,NA
FR_B_3.21_ADM_R3,20210818,Frog,3,2021,AFDM,0.005,g,NA
FR_B_3.21_ADM_R3,20210818,Frog,3,2021,AFDM,0,g_per_cm2,NA
FR_C_3.21_ADM_R1,20210818,Frog,3,2021,AFDM,0.009,g,NA
FR_C_3.21_ADM_R1,20210818,Frog,3,2021,AFDM,0,g_per_cm2,NA
FR_C_3.21_ADM_R2,20210818,Frog,3,2021,AFDM,0.01,g,NA
FR_C_3.21_ADM_R2,20210818,Frog,3,2021,AFDM,0,g_per_cm2,NA
FR_C_3.21_ADM_R3,20210818,Frog,3,2021,AFDM,0.009,g,NA
FR_C_3.21_ADM_R3,20210818,Frog,3,2021,AFDM,0,g_per_cm2,NA
TO_A_3.21_ADM_R1,20210821,Topaz,3,2021,AFDM,0.016,g,NA
TO_A_3.21_ADM_R1,20210821,Topaz,3,2021,AFDM,0,g_per_cm2,NA
TO_A_3.21_ADM_R2,20210821,Topaz,3,2021,AFDM,0.011,g,NA
TO_A_3.21_ADM_R2,20210821,Topaz,3,2021,AFDM,0,g_per_cm2,NA
TO_A_3.21_ADM_R3,20210821,Topaz,3,2021,AFDM,0.01,g,NA
TO_A_3.21_ADM_R3,20210821,Topaz,3,2021,AFDM,0,g_per_cm2,NA
TO_B_3.21_ADM_R1,20210821,Topaz,3,2021,AFDM,0.004,g,NA
TO_B_3.21_ADM_R1,20210821,Topaz,3,2021,AFDM,0,g_per_cm2,NA
TO_B_3.21_ADM_R2,20210821,Topaz,3,2021,AFDM,0.004,g,NA
TO_B_3.21_ADM_R2,20210821,Topaz,3,2021,AFDM,0,g_per_cm2,NA
TO_B_3.21_ADM_R3,20210821,Topaz,3,2021,AFDM,0.005,g,NA
TO_B_3.21_ADM_R3,20210821,Topaz,3,2021,AFDM,0,g_per_cm2,NA
TO_C_3.21_ADM_R1,20210821,Topaz,3,2021,AFDM,0.008,g,NA
TO_C_3.21_ADM_R1,20210821,Topaz,3,2021,AFDM,0,g_per_cm2,NA
TO_C_3.21_ADM_R2,20210821,Topaz,3,2021,AFDM,0.01,g,NA
TO_C_3.21_ADM_R2,20210821,Topaz,3,2021,AFDM,0,g_per_cm2,NA
TO_C_3.21_ADM_R3,20210821,Topaz,3,2021,AFDM,0.011,g,NA
TO_C_3.21_ADM_R3,20210821,Topaz,3,2021,AFDM,0,g_per_cm2,NA
EM_A_5.22_ADM_R1,20221015,Emerald,5,2022,AFDM,0.042,g,NA
EM_A_5.22_ADM_R1,20221015,Emerald,5,2022,AFDM,0,g_per_cm2,NA
EM_A_5.22_ADM_R2,20221015,Emerald,5,2022,AFDM,0.079,g,NA
EM_A_5.22_ADM_R2,20221015,Emerald,5,2022,AFDM,0.001,g_per_cm2,NA
EM_A_5.22_ADM_R3,20221015,Emerald,5,2022,AFDM,0.099,g,NA
EM_A_5.22_ADM_R3,20221015,Emerald,5,2022,AFDM,0.001,g_per_cm2,NA
EM_B_5.22_ADM_R1,20221015,Emerald,5,2022,AFDM,0.031,g,NA
EM_B_5.22_ADM_R1,20221015,Emerald,5,2022,AFDM,0,g_per_cm2,NA
EM_B_5.22_ADM_R2,20221015,Emerald,5,2022,AFDM,0.037,g,NA
EM_B_5.22_ADM_R2,20221015,Emerald,5,2022,AFDM,0,g_per_cm2,NA
EM_B_5.22_ADM_R3,20221015,Emerald,5,2022,AFDM,0.103,g,NA
EM_B_5.22_ADM_R3,20221015,Emerald,5,2022,AFDM,0.001,g_per_cm2,NA
EM_C_5.22_ADM_R1,20221015,Emerald,5,2022,AFDM,0.017,g,NA
EM_C_5.22_ADM_R1,20221015,Emerald,5,2022,AFDM,0,g_per_cm2,NA
EM_C_5.22_ADM_R2,20221015,Emerald,5,2022,AFDM,0.011,g,NA
EM_C_5.22_ADM_R2,20221015,Emerald,5,2022,AFDM,0,g_per_cm2,NA
EM_C_5.22_ADM_R3,20221015,Emerald,5,2022,AFDM,0.014,g,NA
EM_C_5.22_ADM_R3,20221015,Emerald,5,2022,AFDM,0,g_per_cm2,NA
FR_A_5.22_ADM_R1,20221014,Frog,5,2022,AFDM,0.007,g,NA
FR_A_5.22_ADM_R1,20221014,Frog,5,2022,AFDM,0,g_per_cm2,NA
FR_A_5.22_ADM_R2,20221014,Frog,5,2022,AFDM,0.008,g,NA
FR_A_5.22_ADM_R2,20221014,Frog,5,2022,AFDM,0,g_per_cm2,NA
FR_A_5.22_ADM_R3,20221014,Frog,5,2022,AFDM,0.009,g,NA
FR_A_5.22_ADM_R3,20221014,Frog,5,2022,AFDM,0,g_per_cm2,NA
FR_B_5.22_ADM_R1,20221014,Frog,5,2022,AFDM,0.023,g,NA
FR_B_5.22_ADM_R1,20221014,Frog,5,2022,AFDM,0,g_per_cm2,NA
FR_B_5.22_ADM_R2,20221014,Frog,5,2022,AFDM,0.023,g,NA
FR_B_5.22_ADM_R2,20221014,Frog,5,2022,AFDM,0,g_per_cm2,NA
FR_B_5.22_ADM_R3,20221014,Frog,5,2022,AFDM,0.019,g,NA
FR_B_5.22_ADM_R3,20221014,Frog,5,2022,AFDM,0,g_per_cm2,NA
FR_C_5.22_ADM_R1,20221014,Frog,5,2022,AFDM,0.241,g,NA
FR_C_5.22_ADM_R1,20221014,Frog,5,2022,AFDM,0.002,g_per_cm2,NA
FR_C_5.22_ADM_R2,20221014,Frog,5,2022,AFDM,0.335,g,NA
FR_C_5.22_ADM_R2,20221014,Frog,5,2022,AFDM,0.003,g_per_cm2,NA
FR_C_5.22_ADM_R3,20221014,Frog,5,2022,AFDM,0.166,g,NA
FR_C_5.22_ADM_R3,20221014,Frog,5,2022,AFDM,0.002,g_per_cm2,NA
HE_A_5.22_ADM_R1,20221013,Heather,5,2022,AFDM,0.226,g,NA
HE_A_5.22_ADM_R1,20221013,Heather,5,2022,AFDM,0.002,g_per_cm2,NA
HE_A_5.22_ADM_R2,20221013,Heather,5,2022,AFDM,0.134,g,NA
HE_A_5.22_ADM_R2,20221013,Heather,5,2022,AFDM,0.001,g_per_cm2,NA
HE_A_5.22_ADM_R3,20221013,Heather,5,2022,AFDM,0.126,g,NA
HE_A_5.22_ADM_R3,20221013,Heather,5,2022,AFDM,0.001,g_per_cm2,NA
HE_B_5.22_ADM_R1,20221013,Heather,5,2022,AFDM,0.051,g,NA
HE_B_5.22_ADM_R1,20221013,Heather,5,2022,AFDM,0.001,g_per_cm2,NA
HE_B_5.22_ADM_R2,20221013,Heather,5,2022,AFDM,0.04,g,NA
HE_B_5.22_ADM_R2,20221013,Heather,5,2022,AFDM,0,g_per_cm2,NA
HE_B_5.22_ADM_R3,20221013,Heather,5,2022,AFDM,0.035,g,NA
HE_B_5.22_ADM_R3,20221013,Heather,5,2022,AFDM,0,g_per_cm2,NA
HE_C_5.22_ADM_R1,20221013,Heather,5,2022,AFDM,0.216,g,NA
HE_C_5.22_ADM_R1,20221013,Heather,5,2022,AFDM,0.002,g_per_cm2,NA
HE_C_5.22_ADM_R2,20221013,Heather,5,2022,AFDM,0.237,g,NA
HE_C_5.22_ADM_R2,20221013,Heather,5,2022,AFDM,0.002,g_per_cm2,NA
HE_C_5.22_ADM_R3,20221013,Heather,5,2022,AFDM,0.104,g,NA
HE_C_5.22_ADM_R3,20221013,Heather,5,2022,AFDM,0.001,g_per_cm2,NA
LY_A_5.22_ADM_R1,20221012,Lyness,5,2022,AFDM,0.051,g,NA
LY_A_5.22_ADM_R1,20221012,Lyness,5,2022,AFDM,0,g_per_cm2,NA
LY_A_5.22_ADM_R2,20221012,Lyness,5,2022,AFDM,0.038,g,NA
LY_A_5.22_ADM_R2,20221012,Lyness,5,2022,AFDM,0,g_per_cm2,NA
LY_A_5.22_ADM_R3,20221012,Lyness,5,2022,AFDM,0.032,g,NA
LY_A_5.22_ADM_R3,20221012,Lyness,5,2022,AFDM,0,g_per_cm2,NA
LY_B_5.22_ADM_R1,20221012,Lyness,5,2022,AFDM,0.038,g,NA
LY_B_5.22_ADM_R1,20221012,Lyness,5,2022,AFDM,0,g_per_cm2,NA
LY_B_5.22_ADM_R2,20221012,Lyness,5,2022,AFDM,0.056,g,NA
LY_B_5.22_ADM_R2,20221012,Lyness,5,2022,AFDM,0.001,g_per_cm2,NA
LY_B_5.22_ADM_R3,20221012,Lyness,5,2022,AFDM,0.075,g,NA
LY_B_5.22_ADM_R3,20221012,Lyness,5,2022,AFDM,0.001,g_per_cm2,NA
LY_C_5.22_ADM_R1,20221012,Lyness,5,2022,AFDM,0.054,g,NA
LY_C_5.22_ADM_R1,20221012,Lyness,5,2022,AFDM,0.001,g_per_cm2,NA
LY_C_5.22_ADM_R2,20221012,Lyness,5,2022,AFDM,0.041,g,NA
LY_C_5.22_ADM_R2,20221012,Lyness,5,2022,AFDM,0,g_per_cm2,NA
LY_C_5.22_ADM_R3,20221012,Lyness,5,2022,AFDM,0.051,g,NA
LY_C_5.22_ADM_R3,20221012,Lyness,5,2022,AFDM,0.001,g_per_cm2,NA
PE_A_5.22_ADM_R1,20221011,Pear,5,2022,AFDM,0.089,g,NA
PE_A_5.22_ADM_R1,20221011,Pear,5,2022,AFDM,0.001,g_per_cm2,NA
PE_A_5.22_ADM_R2,20221011,Pear,5,2022,AFDM,0.087,g,NA
PE_A_5.22_ADM_R2,20221011,Pear,5,2022,AFDM,0.001,g_per_cm2,NA
PE_A_5.22_ADM_R3,20221011,Pear,5,2022,AFDM,0.067,g,NA
PE_A_5.22_ADM_R3,20221011,Pear,5,2022,AFDM,0.001,g_per_cm2,NA
PE_B_5.22_ADM_R1,20221011,Pear,5,2022,AFDM,0.003,g,NA
PE_B_5.22_ADM_R1,20221011,Pear,5,2022,AFDM,0,g_per_cm2,NA
PE_B_5.22_ADM_R2,20221011,Pear,5,2022,AFDM,0.004,g,NA
PE_B_5.22_ADM_R2,20221011,Pear,5,2022,AFDM,0,g_per_cm2,NA
PE_B_5.22_ADM_R3,20221011,Pear,5,2022,AFDM,0.002,g,NA
PE_B_5.22_ADM_R3,20221011,Pear,5,2022,AFDM,0,g_per_cm2,NA
PE_C_5.22_ADM_R1,20221011,Pear,5,2022,AFDM,0.019,g,NA
PE_C_5.22_ADM_R1,20221011,Pear,5,2022,AFDM,0,g_per_cm2,NA
PE_C_5.22_ADM_R2,20221011,Pear,5,2022,AFDM,0.024,g,NA
PE_C_5.22_ADM_R2,20221011,Pear,5,2022,AFDM,0,g_per_cm2,NA
PE_C_5.22_ADM_R3,20221011,Pear,5,2022,AFDM,0.023,g,NA
PE_C_5.22_ADM_R3,20221011,Pear,5,2022,AFDM,0,g_per_cm2,NA
TO_A_5.22_ADM_R1,20221014,Topaz,5,2022,AFDM,0.011,g,NA
TO_A_5.22_ADM_R1,20221014,Topaz,5,2022,AFDM,0,g_per_cm2,NA
TO_A_5.22_ADM_R2,20221014,Topaz,5,2022,AFDM,0.008,g,NA
TO_A_5.22_ADM_R2,20221014,Topaz,5,2022,AFDM,0,g_per_cm2,NA
TO_A_5.22_ADM_R3,20221014,Topaz,5,2022,AFDM,0.009,g,NA
TO_A_5.22_ADM_R3,20221014,Topaz,5,2022,AFDM,0,g_per_cm2,NA
TO_B_5.22_ADM_R1,20221014,Topaz,5,2022,AFDM,0.006,g,NA
TO_B_5.22_ADM_R1,20221014,Topaz,5,2022,AFDM,0,g_per_cm2,NA
TO_B_5.22_ADM_R2,20221014,Topaz,5,2022,AFDM,0.009,g,NA
TO_B_5.22_ADM_R2,20221014,Topaz,5,2022,AFDM,0,g_per_cm2,NA
TO_B_5.22_ADM_R3,20221014,Topaz,5,2022,AFDM,0.006,g,NA
TO_B_5.22_ADM_R3,20221014,Topaz,5,2022,AFDM,0,g_per_cm2,NA
TO_C_5.22_ADM_R1,20221014,Topaz,5,2022,AFDM,0.014,g,NA
TO_C_5.22_ADM_R1,20221014,Topaz,5,2022,AFDM,0,g_per_cm2,NA
TO_C_5.22_ADM_R2,20221014,Topaz,5,2022,AFDM,0.015,g,NA
TO_C_5.22_ADM_R2,20221014,Topaz,5,2022,AFDM,0,g_per_cm2,NA
TO_C_5.22_ADM_R3,20221014,Topaz,5,2022,AFDM,0.016,g,NA
TO_C_5.22_ADM_R3,20221014,Topaz,5,2022,AFDM,0,g_per_cm2,NA
EM_A_5.21_ADM_01,20211117,Emerald,5,2021,AFDM,0.032,g,NA
EM_A_5.21_ADM_01,20211117,Emerald,5,2021,AFDM,0,g_per_cm2,NA
EM_A_5.21_ADM_02,20211117,Emerald,5,2021,AFDM,0.052,g,NA
EM_A_5.21_ADM_02,20211117,Emerald,5,2021,AFDM,0.001,g_per_cm2,NA
EM_A_5.21_ADM_03,20211117,Emerald,5,2021,AFDM,0.053,g,NA
EM_A_5.21_ADM_03,20211117,Emerald,5,2021,AFDM,0.001,g_per_cm2,NA
EM_A_5.21_ADM_04,20211117,Emerald,5,2021,AFDM,0.03,g,Sample EMA4 was in pan EMB4.
EM_A_5.21_ADM_04,20211117,Emerald,5,2021,AFDM,0,g_per_cm2,Sample EMA4 was in pan EMB4.
EM_B_5.21_ADM_01,20211117,Emerald,5,2021,AFDM,0.147,g,NA
EM_B_5.21_ADM_01,20211117,Emerald,5,2021,AFDM,0.001,g_per_cm2,NA
EM_B_5.21_ADM_02,20211117,Emerald,5,2021,AFDM,0.018,g,NA
EM_B_5.21_ADM_02,20211117,Emerald,5,2021,AFDM,0,g_per_cm2,NA
EM_B_5.21_ADM_03,20211117,Emerald,5,2021,AFDM,0.744,g,NA
EM_B_5.21_ADM_03,20211117,Emerald,5,2021,AFDM,0.007,g_per_cm2,NA
EM_B_5.21_ADM_04,20211117,Emerald,5,2021,AFDM,0.035,g,Sample EMB4 was in pan EMA4.
EM_B_5.21_ADM_04,20211117,Emerald,5,2021,AFDM,0,g_per_cm2,Sample EMB4 was in pan EMA4.
EM_C_5.21_ADM_01,20211117,Emerald,5,2021,AFDM,0.037,g,NA
EM_C_5.21_ADM_01,20211117,Emerald,5,2021,AFDM,0,g_per_cm2,NA
EM_C_5.21_ADM_02,20211117,Emerald,5,2021,AFDM,0.071,g,NA
EM_C_5.21_ADM_02,20211117,Emerald,5,2021,AFDM,0.001,g_per_cm2,NA
EM_C_5.21_ADM_03,20211117,Emerald,5,2021,AFDM,0.054,g,NA
EM_C_5.21_ADM_03,20211117,Emerald,5,2021,AFDM,0.001,g_per_cm2,NA
EM_C_5.21_ADM_04,20211117,Emerald,5,2021,AFDM,0.077,g,NA
EM_C_5.21_ADM_04,20211117,Emerald,5,2021,AFDM,0.001,g_per_cm2,NA
FR_A_5.21_ADM_01,20211117,Frog,5,2021,AFDM,0.075,g,NA
FR_A_5.21_ADM_01,20211117,Frog,5,2021,AFDM,0.001,g_per_cm2,NA
FR_A_5.21_ADM_02,20211117,Frog,5,2021,AFDM,0.188,g,NA
FR_A_5.21_ADM_02,20211117,Frog,5,2021,AFDM,0.002,g_per_cm2,NA
FR_A_5.21_ADM_03,20211117,Frog,5,2021,AFDM,0.137,g,NA
FR_A_5.21_ADM_03,20211117,Frog,5,2021,AFDM,0.001,g_per_cm2,NA
FR_A_5.21_ADM_04,20211117,Frog,5,2021,AFDM,0.172,g,NA
FR_A_5.21_ADM_04,20211117,Frog,5,2021,AFDM,0.002,g_per_cm2,NA
FR_B_5.21_ADM_01,20211117,Frog,5,2021,AFDM,0.018,g,NA
FR_B_5.21_ADM_01,20211117,Frog,5,2021,AFDM,0,g_per_cm2,NA
FR_B_5.21_ADM_02,20211117,Frog,5,2021,AFDM,0.02,g,NA
FR_B_5.21_ADM_02,20211117,Frog,5,2021,AFDM,0,g_per_cm2,NA
FR_B_5.21_ADM_03,20211117,Frog,5,2021,AFDM,0.024,g,NA
FR_B_5.21_ADM_03,20211117,Frog,5,2021,AFDM,0,g_per_cm2,NA
FR_B_5.21_ADM_04,20211117,Frog,5,2021,AFDM,0.009,g,NA
FR_B_5.21_ADM_04,20211117,Frog,5,2021,AFDM,0,g_per_cm2,NA
FR_C_5.21_ADM_01,20211117,Frog,5,2021,AFDM,0.011,g,NA
FR_C_5.21_ADM_01,20211117,Frog,5,2021,AFDM,0,g_per_cm2,NA
FR_C_5.21_ADM_02,20211117,Frog,5,2021,AFDM,0.011,g,NA
FR_C_5.21_ADM_02,20211117,Frog,5,2021,AFDM,0,g_per_cm2,NA
FR_C_5.21_ADM_03,20211117,Frog,5,2021,AFDM,0.013,g,NA
FR_C_5.21_ADM_03,20211117,Frog,5,2021,AFDM,0,g_per_cm2,NA
FR_C_5.21_ADM_04,20211117,Frog,5,2021,AFDM,0.016,g,"FRC4 spilled after ashing, may have higher apparent AFDM than actual."
FR_C_5.21_ADM_04,20211117,Frog,5,2021,AFDM,0,g_per_cm2,"FRC4 spilled after ashing, may have higher apparent AFDM than actual."
HE_A_5.21_ADM_01,20211117,Heather,5,2021,AFDM,0.048,g,NA
HE_A_5.21_ADM_01,20211117,Heather,5,2021,AFDM,0,g_per_cm2,NA
HE_A_5.21_ADM_02,20211117,Heather,5,2021,AFDM,0.054,g,NA
HE_A_5.21_ADM_02,20211117,Heather,5,2021,AFDM,0.001,g_per_cm2,NA
HE_A_5.21_ADM_03,20211117,Heather,5,2021,AFDM,0.046,g,NA
HE_A_5.21_ADM_03,20211117,Heather,5,2021,AFDM,0,g_per_cm2,NA
HE_A_5.21_ADM_04,20211117,Heather,5,2021,AFDM,0.043,g,NA
HE_A_5.21_ADM_04,20211117,Heather,5,2021,AFDM,0,g_per_cm2,NA
HE_B_5.21_ADM_01,20211117,Heather,5,2021,AFDM,0.046,g,NA
HE_B_5.21_ADM_01,20211117,Heather,5,2021,AFDM,0,g_per_cm2,NA
HE_B_5.21_ADM_02,20211117,Heather,5,2021,AFDM,0.054,g,NA
HE_B_5.21_ADM_02,20211117,Heather,5,2021,AFDM,0.001,g_per_cm2,NA
HE_B_5.21_ADM_03,20211117,Heather,5,2021,AFDM,0.412,g,NA
HE_B_5.21_ADM_03,20211117,Heather,5,2021,AFDM,0.004,g_per_cm2,NA
HE_C_5.21_ADM_04,20211117,Heather,5,2021,AFDM,0.088,g,NA
HE_C_5.21_ADM_04,20211117,Heather,5,2021,AFDM,0.001,g_per_cm2,NA
HE_C_5.21_ADM_01,20211117,Heather,5,2021,AFDM,0.057,g,NA
HE_C_5.21_ADM_01,20211117,Heather,5,2021,AFDM,0.001,g_per_cm2,NA
HE_C_5.21_ADM_02,20211117,Heather,5,2021,AFDM,0.145,g,NA
HE_C_5.21_ADM_02,20211117,Heather,5,2021,AFDM,0.001,g_per_cm2,NA
HE_C_5.21_ADM_03,20211117,Heather,5,2021,AFDM,0.209,g,NA
HE_C_5.21_ADM_03,20211117,Heather,5,2021,AFDM,0.002,g_per_cm2,NA
HE_B_5.21_ADM_04,20211117,Heather,5,2021,AFDM,0.025,g,NA
HE_B_5.21_ADM_04,20211117,Heather,5,2021,AFDM,0,g_per_cm2,NA
LY_A_5.21_ADM_01,20211117,Lyness,5,2021,AFDM,0.056,g,NA
LY_A_5.21_ADM_01,20211117,Lyness,5,2021,AFDM,0.001,g_per_cm2,NA
LY_A_5.21_ADM_02,20211117,Lyness,5,2021,AFDM,0.053,g,NA
LY_A_5.21_ADM_02,20211117,Lyness,5,2021,AFDM,0.001,g_per_cm2,NA
LY_A_5.21_ADM_03,20211117,Lyness,5,2021,AFDM,0.05,g,NA
LY_A_5.21_ADM_03,20211117,Lyness,5,2021,AFDM,0,g_per_cm2,NA
LY_A_5.21_ADM_04,20211117,Lyness,5,2021,AFDM,0.084,g,NA
LY_A_5.21_ADM_04,20211117,Lyness,5,2021,AFDM,0.001,g_per_cm2,NA
LY_B_5.21_ADM_01,20211117,Lyness,5,2021,AFDM,0.041,g,NA
LY_B_5.21_ADM_01,20211117,Lyness,5,2021,AFDM,0,g_per_cm2,NA
LY_B_5.21_ADM_02,20211117,Lyness,5,2021,AFDM,0.032,g,NA
LY_B_5.21_ADM_02,20211117,Lyness,5,2021,AFDM,0,g_per_cm2,NA
LY_B_5.21_ADM_03,20211117,Lyness,5,2021,AFDM,0.045,g,NA
LY_B_5.21_ADM_03,20211117,Lyness,5,2021,AFDM,0,g_per_cm2,NA
LY_B_5.21_ADM_04,20211117,Lyness,5,2021,AFDM,0.036,g,NA
LY_B_5.21_ADM_04,20211117,Lyness,5,2021,AFDM,0,g_per_cm2,NA
LY_C_5.21_ADM_01,20211117,Lyness,5,2021,AFDM,0.041,g,NA
LY_C_5.21_ADM_01,20211117,Lyness,5,2021,AFDM,0,g_per_cm2,NA
LY_C_5.21_ADM_02,20211117,Lyness,5,2021,AFDM,0.043,g,NA
LY_C_5.21_ADM_02,20211117,Lyness,5,2021,AFDM,0,g_per_cm2,NA
LY_C_5.21_ADM_03,20211117,Lyness,5,2021,AFDM,0.042,g,NA
LY_C_5.21_ADM_03,20211117,Lyness,5,2021,AFDM,0,g_per_cm2,NA
LY_C_5.21_ADM_04,20211117,Lyness,5,2021,AFDM,0.061,g,NA
LY_C_5.21_ADM_04,20211117,Lyness,5,2021,AFDM,0.001,g_per_cm2,NA
PE_A_5.21_ADM_01,20211117,Pear,5,2021,AFDM,0.381,g,NA
PE_A_5.21_ADM_01,20211117,Pear,5,2021,AFDM,0.004,g_per_cm2,NA
PE_A_5.21_ADM_02,20211117,Pear,5,2021,AFDM,0.469,g,NA
PE_A_5.21_ADM_02,20211117,Pear,5,2021,AFDM,0.005,g_per_cm2,NA
PE_A_5.21_ADM_03,20211117,Pear,5,2021,AFDM,0.259,g,possible twig or other non-periphyton matter.
PE_A_5.21_ADM_03,20211117,Pear,5,2021,AFDM,0.003,g_per_cm2,possible twig or other non-periphyton matter.
PE_A_5.21_ADM_04,20211117,Pear,5,2021,AFDM,0.237,g,"spilled after 105 step, recovered for ashing.  Cannot use wts for moisture, fine for AFDM."
PE_A_5.21_ADM_04,20211117,Pear,5,2021,AFDM,0.002,g_per_cm2,"spilled after 105 step, recovered for ashing.  Cannot use wts for moisture, fine for AFDM."
PE_B_5.21_ADM_01,20211117,Pear,5,2021,AFDM,0.023,g,mostly sand?
PE_B_5.21_ADM_01,20211117,Pear,5,2021,AFDM,0,g_per_cm2,mostly sand?
PE_B_5.21_ADM_02,20211117,Pear,5,2021,AFDM,0.003,g,NA
PE_B_5.21_ADM_02,20211117,Pear,5,2021,AFDM,0,g_per_cm2,NA
PE_B_5.21_ADM_03,20211117,Pear,5,2021,AFDM,0.003,g,NA
PE_B_5.21_ADM_03,20211117,Pear,5,2021,AFDM,0,g_per_cm2,NA
PE_B_5.21_ADM_04,20211117,Pear,5,2021,AFDM,0.002,g,NA
PE_B_5.21_ADM_04,20211117,Pear,5,2021,AFDM,0,g_per_cm2,NA
PE_C_5.21_ADM_01,20211117,Pear,5,2021,AFDM,0.08,g,NA
PE_C_5.21_ADM_01,20211117,Pear,5,2021,AFDM,0.001,g_per_cm2,NA
PE_C_5.21_ADM_02,20211117,Pear,5,2021,AFDM,0.091,g,NA
PE_C_5.21_ADM_02,20211117,Pear,5,2021,AFDM,0.001,g_per_cm2,NA
PE_C_5.21_ADM_03,20211117,Pear,5,2021,AFDM,0.06,g,NA
PE_C_5.21_ADM_03,20211117,Pear,5,2021,AFDM,0.001,g_per_cm2,NA
PE_C_5.21_ADM_04,20211117,Pear,5,2021,AFDM,0.08,g,NA
PE_C_5.21_ADM_04,20211117,Pear,5,2021,AFDM,0.001,g_per_cm2,NA
TO_A_5.21_ADM_01,20211117,Topaz,5,2021,AFDM,0.016,g,NA
TO_A_5.21_ADM_01,20211117,Topaz,5,2021,AFDM,0,g_per_cm2,NA
TO_A_5.21_ADM_02,20211117,Topaz,5,2021,AFDM,0.013,g,NA
TO_A_5.21_ADM_02,20211117,Topaz,5,2021,AFDM,0,g_per_cm2,NA
TO_A_5.21_ADM_03,20211117,Topaz,5,2021,AFDM,0.018,g,NA
TO_A_5.21_ADM_03,20211117,Topaz,5,2021,AFDM,0,g_per_cm2,NA
TO_A_5.21_ADM_04,20211117,Topaz,5,2021,AFDM,0.022,g,NA
TO_A_5.21_ADM_04,20211117,Topaz,5,2021,AFDM,0,g_per_cm2,NA
TO_B_5.21_ADM_01,20211117,Topaz,5,2021,AFDM,0.005,g,NA
TO_B_5.21_ADM_01,20211117,Topaz,5,2021,AFDM,0,g_per_cm2,NA
TO_B_5.21_ADM_02,20211117,Topaz,5,2021,AFDM,0.003,g,NA
TO_B_5.21_ADM_02,20211117,Topaz,5,2021,AFDM,0,g_per_cm2,NA
TO_B_5.21_ADM_03,20211117,Topaz,5,2021,AFDM,0.006,g,NA
TO_B_5.21_ADM_03,20211117,Topaz,5,2021,AFDM,0,g_per_cm2,NA
TO_B_5.21_ADM_04,20211117,Topaz,5,2021,AFDM,0.006,g,NA
TO_B_5.21_ADM_04,20211117,Topaz,5,2021,AFDM,0,g_per_cm2,NA
TO_B_5.21_ADM_15,20211117,Topaz,5,2021,AFDM,NA,g,no sample.  Not sure what this was?
TO_B_5.21_ADM_15,20211117,Topaz,5,2021,AFDM,NA,g_per_cm2,no sample.  Not sure what this was?
TO_C_5.21_ADM_01,20211117,Topaz,5,2021,AFDM,0.098,g,NA
TO_C_5.21_ADM_01,20211117,Topaz,5,2021,AFDM,0.001,g_per_cm2,NA
TO_C_5.21_ADM_02,20211117,Topaz,5,2021,AFDM,0.093,g,NA
TO_C_5.21_ADM_02,20211117,Topaz,5,2021,AFDM,0.001,g_per_cm2,NA
TO_C_5.21_ADM_03,20211117,Topaz,5,2021,AFDM,0.051,g,NA
TO_C_5.21_ADM_03,20211117,Topaz,5,2021,AFDM,0.001,g_per_cm2,NA
TO_C_5.21_ADM_04,20211117,Topaz,5,2021,AFDM,0.094,g,"spilled after 105 step, recovered for ashing.  Cannot use wts for moisture, fine for AFDM."
TO_C_5.21_ADM_04,20211117,Topaz,5,2021,AFDM,0.001,g_per_cm2,"spilled after 105 step, recovered for ashing.  Cannot use wts for moisture, fine for AFDM."
HE_A_3.22_ADM_R1,20220818,Heather,3,2022,AFDM,0.069,g,NA
HE_A_3.22_ADM_R1,20220818,Heather,3,2022,AFDM,0.001,g_per_cm2,NA
HE_A_3.22_ADM_R2,20220818,Heather,3,2022,AFDM,0.052,g,NA
HE_A_3.22_ADM_R2,20220818,Heather,3,2022,AFDM,0.001,g_per_cm2,NA
HE_A_3.22_ADM_R3,20220818,Heather,3,2022,AFDM,0.048,g,NA
HE_A_3.22_ADM_R3,20220818,Heather,3,2022,AFDM,0,g_per_cm2,NA
HE_B_3.22_ADM_R1,20220818,Heather,3,2022,AFDM,0.057,g,NA
HE_B_3.22_ADM_R1,20220818,Heather,3,2022,AFDM,0.001,g_per_cm2,NA
HE_B_3.22_ADM_R2,20220818,Heather,3,2022,AFDM,0.066,g,NA
HE_B_3.22_ADM_R2,20220818,Heather,3,2022,AFDM,0.001,g_per_cm2,NA
HE_B_3.22_ADM_R3,20220818,Heather,3,2022,AFDM,0.056,g,NA
HE_B_3.22_ADM_R3,20220818,Heather,3,2022,AFDM,0.001,g_per_cm2,NA
HE_C_3.22_ADM_R1,20220818,Heather,3,2022,AFDM,0.02,g,NA
HE_C_3.22_ADM_R1,20220818,Heather,3,2022,AFDM,0,g_per_cm2,NA
HE_C_3.22_ADM_R2,20220818,Heather,3,2022,AFDM,0.18,g,NA
HE_C_3.22_ADM_R2,20220818,Heather,3,2022,AFDM,0.002,g_per_cm2,NA
HE_C_3.22_ADM_R3,20220818,Heather,3,2022,AFDM,0.078,g,NA
HE_C_3.22_ADM_R3,20220818,Heather,3,2022,AFDM,0.001,g_per_cm2,NA
EM_A_3.22_ADM_R1,20220820,Emerald,3,2022,AFDM,0.041,g,NA
EM_A_3.22_ADM_R1,20220820,Emerald,3,2022,AFDM,0,g_per_cm2,NA
EM_A_3.22_ADM_R2,20220820,Emerald,3,2022,AFDM,0.047,g,NA
EM_A_3.22_ADM_R2,20220820,Emerald,3,2022,AFDM,0,g_per_cm2,NA
EM_A_3.22_ADM_R3,20220820,Emerald,3,2022,AFDM,0.038,g,NA
EM_A_3.22_ADM_R3,20220820,Emerald,3,2022,AFDM,0,g_per_cm2,NA
EM_B_3.22_ADM_R1,20220820,Emerald,3,2022,AFDM,0.016,g,NA
EM_B_3.22_ADM_R1,20220820,Emerald,3,2022,AFDM,0,g_per_cm2,NA
EM_B_3.22_ADM_R2,20220820,Emerald,3,2022,AFDM,0.01,g,NA
EM_B_3.22_ADM_R2,20220820,Emerald,3,2022,AFDM,0,g_per_cm2,NA
EM_B_3.22_ADM_R3,20220820,Emerald,3,2022,AFDM,0.017,g,NA
EM_B_3.22_ADM_R3,20220820,Emerald,3,2022,AFDM,0,g_per_cm2,NA
EM_C_3.22_ADM_R1,20220820,Emerald,3,2022,AFDM,0.128,g,had some pine needles
EM_C_3.22_ADM_R1,20220820,Emerald,3,2022,AFDM,0.001,g_per_cm2,had some pine needles
EM_C_3.22_ADM_R2,20220820,Emerald,3,2022,AFDM,0.068,g,NA
EM_C_3.22_ADM_R2,20220820,Emerald,3,2022,AFDM,0.001,g_per_cm2,NA
EM_C_3.22_ADM_R3,20220820,Emerald,3,2022,AFDM,0.088,g,NA
EM_C_3.22_ADM_R3,20220820,Emerald,3,2022,AFDM,0.001,g_per_cm2,NA
PE_A_3.22_ADM_R1,20220816,Pear,3,2022,AFDM,0.023,g,NA
PE_A_3.22_ADM_R1,20220816,Pear,3,2022,AFDM,0,g_per_cm2,NA
PE_A_3.22_ADM_R2,20220816,Pear,3,2022,AFDM,0.019,g,NA
PE_A_3.22_ADM_R2,20220816,Pear,3,2022,AFDM,0,g_per_cm2,NA
PE_A_3.22_ADM_R3,20220816,Pear,3,2022,AFDM,0.021,g,NA
PE_A_3.22_ADM_R3,20220816,Pear,3,2022,AFDM,0,g_per_cm2,NA
PE_B_3.22_ADM_R1,20220816,Pear,3,2022,AFDM,0.004,g,NA
PE_B_3.22_ADM_R1,20220816,Pear,3,2022,AFDM,0,g_per_cm2,NA
PE_B_3.22_ADM_R2,20220816,Pear,3,2022,AFDM,0.008,g,NA
PE_B_3.22_ADM_R2,20220816,Pear,3,2022,AFDM,0,g_per_cm2,NA
PE_B_3.22_ADM_R3,20220816,Pear,3,2022,AFDM,0.006,g,NA
PE_B_3.22_ADM_R3,20220816,Pear,3,2022,AFDM,0,g_per_cm2,NA
PE_C_3.22_ADM_R1,20220816,Pear,3,2022,AFDM,0.016,g,NA
PE_C_3.22_ADM_R1,20220816,Pear,3,2022,AFDM,0,g_per_cm2,NA
PE_C_3.22_ADM_R2,20220816,Pear,3,2022,AFDM,0.022,g,NA
PE_C_3.22_ADM_R2,20220816,Pear,3,2022,AFDM,0,g_per_cm2,NA
PE_C_3.22_ADM_R3,20220816,Pear,3,2022,AFDM,0.011,g,NA
PE_C_3.22_ADM_R3,20220816,Pear,3,2022,AFDM,0,g_per_cm2,NA
LY_A_3.22_ADM_R1,20220817,Lyness,3,2022,AFDM,0.015,g,NA
LY_A_3.22_ADM_R1,20220817,Lyness,3,2022,AFDM,0,g_per_cm2,NA
LY_A_3.22_ADM_R2,20220817,Lyness,3,2022,AFDM,0.009,g,NA
LY_A_3.22_ADM_R2,20220817,Lyness,3,2022,AFDM,0,g_per_cm2,NA
LY_A_3.22_ADM_R3,20220817,Lyness,3,2022,AFDM,0.009,g,NA
LY_A_3.22_ADM_R3,20220817,Lyness,3,2022,AFDM,0,g_per_cm2,NA
LY_B_3.22_ADM_R1,20220817,Lyness,3,2022,AFDM,0.049,g,NA
LY_B_3.22_ADM_R1,20220817,Lyness,3,2022,AFDM,0,g_per_cm2,NA
LY_B_3.22_ADM_R2,20220817,Lyness,3,2022,AFDM,0.059,g,NA
LY_B_3.22_ADM_R2,20220817,Lyness,3,2022,AFDM,0.001,g_per_cm2,NA
LY_B_3.22_ADM_R3,20220817,Lyness,3,2022,AFDM,0.077,g,NA
LY_B_3.22_ADM_R3,20220817,Lyness,3,2022,AFDM,0.001,g_per_cm2,NA
LY_C_3.22_ADM_R1,20220817,Lyness,3,2022,AFDM,0.027,g,NA
LY_C_3.22_ADM_R1,20220817,Lyness,3,2022,AFDM,0,g_per_cm2,NA
LY_C_3.22_ADM_R2,20220817,Lyness,3,2022,AFDM,0.04,g,NA
LY_C_3.22_ADM_R2,20220817,Lyness,3,2022,AFDM,0,g_per_cm2,NA
LY_C_3.22_ADM_R3,20220817,Lyness,3,2022,AFDM,0.024,g,NA
LY_C_3.22_ADM_R3,20220817,Lyness,3,2022,AFDM,0,g_per_cm2,NA
FR_A_3.22_ADM_R1,20220819,Frog,3,2022,AFDM,0.028,g,NA
FR_A_3.22_ADM_R1,20220819,Frog,3,2022,AFDM,0,g_per_cm2,NA
FR_A_3.22_ADM_R2,20220819,Frog,3,2022,AFDM,0.045,g,NA
FR_A_3.22_ADM_R2,20220819,Frog,3,2022,AFDM,0,g_per_cm2,NA
FR_A_3.22_ADM_R3,20220819,Frog,3,2022,AFDM,0.045,g,NA
FR_A_3.22_ADM_R3,20220819,Frog,3,2022,AFDM,0,g_per_cm2,NA
FR_B_3.22_ADM_R1,20220819,Frog,3,2022,AFDM,0.011,g,NA
FR_B_3.22_ADM_R1,20220819,Frog,3,2022,AFDM,0,g_per_cm2,NA
FR_B_3.22_ADM_R2,20220819,Frog,3,2022,AFDM,0.014,g,NA
FR_B_3.22_ADM_R2,20220819,Frog,3,2022,AFDM,0,g_per_cm2,NA
FR_B_3.22_ADM_R3,20220819,Frog,3,2022,AFDM,0.013,g,NA
FR_B_3.22_ADM_R3,20220819,Frog,3,2022,AFDM,0,g_per_cm2,NA
FR_C_3.22_ADM_R1,20220819,Frog,3,2022,AFDM,0.006,g,NA
FR_C_3.22_ADM_R1,20220819,Frog,3,2022,AFDM,0,g_per_cm2,NA
FR_C_3.22_ADM_R2,20220819,Frog,3,2022,AFDM,0.005,g,NA
FR_C_3.22_ADM_R2,20220819,Frog,3,2022,AFDM,0,g_per_cm2,NA
FR_C_3.22_ADM_R3,20220819,Frog,3,2022,AFDM,0.006,g,NA
FR_C_3.22_ADM_R3,20220819,Frog,3,2022,AFDM,0,g_per_cm2,NA
TO_A_3.22_ADM_R1,20220819,Topaz,3,2022,AFDM,0.007,g,NA
TO_A_3.22_ADM_R1,20220819,Topaz,3,2022,AFDM,0,g_per_cm2,NA
TO_A_3.22_ADM_R2,20220819,Topaz,3,2022,AFDM,0.005,g,NA
TO_A_3.22_ADM_R2,20220819,Topaz,3,2022,AFDM,0,g_per_cm2,NA
TO_A_3.22_ADM_R3,20220819,Topaz,3,2022,AFDM,0.004,g,NA
TO_A_3.22_ADM_R3,20220819,Topaz,3,2022,AFDM,0,g_per_cm2,NA
TO_B_3.22_ADM_R1,20220819,Topaz,3,2022,AFDM,0.004,g,NA
TO_B_3.22_ADM_R1,20220819,Topaz,3,2022,AFDM,0,g_per_cm2,NA
TO_B_3.22_ADM_R2,20220819,Topaz,3,2022,AFDM,0.003,g,NA
TO_B_3.22_ADM_R2,20220819,Topaz,3,2022,AFDM,0,g_per_cm2,NA
TO_B_3.22_ADM_R3,20220819,Topaz,3,2022,AFDM,0.004,g,NA
TO_B_3.22_ADM_R3,20220819,Topaz,3,2022,AFDM,0,g_per_cm2,NA
TO_C_3.22_ADM_R1,20220819,Topaz,3,2022,AFDM,0.022,g,NA
TO_C_3.22_ADM_R1,20220819,Topaz,3,2022,AFDM,0,g_per_cm2,NA
TO_C_3.22_ADM_R2,20220819,Topaz,3,2022,AFDM,0.018,g,NA
TO_C_3.22_ADM_R2,20220819,Topaz,3,2022,AFDM,0,g_per_cm2,NA
TO_C_3.22_ADM_R3,20220819,Topaz,3,2022,AFDM,0.02,g,NA
TO_C_3.22_ADM_R3,20220819,Topaz,3,2022,AFDM,0,g_per_cm2,NA
HE_A_4.22_ADM_R1,20220916,Heather,4,2022,AFDM,0.354,g,NA
HE_A_4.22_ADM_R1,20220916,Heather,4,2022,AFDM,0.003,g_per_cm2,NA
HE_A_4.22_ADM_R2,20220916,Heather,4,2022,AFDM,0.276,g,NA
HE_A_4.22_ADM_R2,20220916,Heather,4,2022,AFDM,0.003,g_per_cm2,NA
HE_A_4.22_ADM_R3,20220916,Heather,4,2022,AFDM,0.554,g,NA
HE_A_4.22_ADM_R3,20220916,Heather,4,2022,AFDM,0.005,g_per_cm2,NA
HE_B_4.22_ADM_R1,20220916,Heather,4,2022,AFDM,0.109,g,NA
HE_B_4.22_ADM_R1,20220916,Heather,4,2022,AFDM,0.001,g_per_cm2,NA
HE_B_4.22_ADM_R2,20220916,Heather,4,2022,AFDM,0.126,g,NA
HE_B_4.22_ADM_R2,20220916,Heather,4,2022,AFDM,0.001,g_per_cm2,NA
HE_B_4.22_ADM_R3,20220916,Heather,4,2022,AFDM,0.151,g,NA
HE_B_4.22_ADM_R3,20220916,Heather,4,2022,AFDM,0.001,g_per_cm2,NA
HE_C_4.22_ADM_R1,20220916,Heather,4,2022,AFDM,0.057,g,NA
HE_C_4.22_ADM_R1,20220916,Heather,4,2022,AFDM,0.001,g_per_cm2,NA
HE_C_4.22_ADM_R2,20220916,Heather,4,2022,AFDM,0.139,g,NA
HE_C_4.22_ADM_R2,20220916,Heather,4,2022,AFDM,0.001,g_per_cm2,NA
HE_C_4.22_ADM_R3,20220916,Heather,4,2022,AFDM,0.182,g,NA
HE_C_4.22_ADM_R3,20220916,Heather,4,2022,AFDM,0.002,g_per_cm2,NA
EM_A_4.22_ADM_R1,20220917,Emerald,4,2022,AFDM,0.088,g,NA
EM_A_4.22_ADM_R1,20220917,Emerald,4,2022,AFDM,0.001,g_per_cm2,NA
EM_A_4.22_ADM_R2,20220917,Emerald,4,2022,AFDM,0.07,g,NA
EM_A_4.22_ADM_R2,20220917,Emerald,4,2022,AFDM,0.001,g_per_cm2,NA
EM_A_4.22_ADM_R3,20220917,Emerald,4,2022,AFDM,0.078,g,NA
EM_A_4.22_ADM_R3,20220917,Emerald,4,2022,AFDM,0.001,g_per_cm2,NA
EM_B_4.22_ADM_R1,20220917,Emerald,4,2022,AFDM,0.01,g,NA
EM_B_4.22_ADM_R1,20220917,Emerald,4,2022,AFDM,0,g_per_cm2,NA
EM_B_4.22_ADM_R2,20220917,Emerald,4,2022,AFDM,0.014,g,NA
EM_B_4.22_ADM_R2,20220917,Emerald,4,2022,AFDM,0,g_per_cm2,NA
EM_B_4.22_ADM_R3,20220917,Emerald,4,2022,AFDM,0.024,g,NA
EM_B_4.22_ADM_R3,20220917,Emerald,4,2022,AFDM,0,g_per_cm2,NA
EM_C_4.22_ADM_R1,20220917,Emerald,4,2022,AFDM,0.128,g,NA
EM_C_4.22_ADM_R1,20220917,Emerald,4,2022,AFDM,0.001,g_per_cm2,NA
EM_C_4.22_ADM_R2,20220917,Emerald,4,2022,AFDM,0.072,g,NA
EM_C_4.22_ADM_R2,20220917,Emerald,4,2022,AFDM,0.001,g_per_cm2,NA
EM_C_4.22_ADM_R3,20220917,Emerald,4,2022,AFDM,0.128,g,NA
EM_C_4.22_ADM_R3,20220917,Emerald,4,2022,AFDM,0.001,g_per_cm2,NA
PE_A_4.22_ADM_R1,20220913,Pear,4,2022,AFDM,0.022,g,NA
PE_A_4.22_ADM_R1,20220913,Pear,4,2022,AFDM,0,g_per_cm2,NA
PE_A_4.22_ADM_R2,20220913,Pear,4,2022,AFDM,0.016,g,NA
PE_A_4.22_ADM_R2,20220913,Pear,4,2022,AFDM,0,g_per_cm2,NA
PE_A_4.22_ADM_R3,20220913,Pear,4,2022,AFDM,0.019,g,NA
PE_A_4.22_ADM_R3,20220913,Pear,4,2022,AFDM,0,g_per_cm2,NA
PE_B_4.22_ADM_R1,20220913,Pear,4,2022,AFDM,0.009,g,NA
PE_B_4.22_ADM_R1,20220913,Pear,4,2022,AFDM,0,g_per_cm2,NA
PE_B_4.22_ADM_R2,20220913,Pear,4,2022,AFDM,0.009,g,NA
PE_B_4.22_ADM_R2,20220913,Pear,4,2022,AFDM,0,g_per_cm2,NA
PE_B_4.22_ADM_R3,20220913,Pear,4,2022,AFDM,0.005,g,NA
PE_B_4.22_ADM_R3,20220913,Pear,4,2022,AFDM,0,g_per_cm2,NA
PE_C_4.22_ADM_R1,20220913,Pear,4,2022,AFDM,0.033,g,NA
PE_C_4.22_ADM_R1,20220913,Pear,4,2022,AFDM,0,g_per_cm2,NA
PE_C_4.22_ADM_R2,20220913,Pear,4,2022,AFDM,0.02,g,NA
PE_C_4.22_ADM_R2,20220913,Pear,4,2022,AFDM,0,g_per_cm2,NA
PE_C_4.22_ADM_R3,20220913,Pear,4,2022,AFDM,0.023,g,NA
PE_C_4.22_ADM_R3,20220913,Pear,4,2022,AFDM,0,g_per_cm2,NA
LY_A_4.22_ADM_R1,20220914,Lyness,4,2022,AFDM,0.025,g,NA
LY_A_4.22_ADM_R1,20220914,Lyness,4,2022,AFDM,0,g_per_cm2,NA
LY_A_4.22_ADM_R2,20220914,Lyness,4,2022,AFDM,0.028,g,NA
LY_A_4.22_ADM_R2,20220914,Lyness,4,2022,AFDM,0,g_per_cm2,NA
LY_A_4.22_ADM_R3,20220914,Lyness,4,2022,AFDM,0.021,g,NA
LY_A_4.22_ADM_R3,20220914,Lyness,4,2022,AFDM,0,g_per_cm2,NA
LY_B_4.22_ADM_R1,20220914,Lyness,4,2022,AFDM,0.056,g,NA
LY_B_4.22_ADM_R1,20220914,Lyness,4,2022,AFDM,0.001,g_per_cm2,NA
LY_B_4.22_ADM_R2,20220914,Lyness,4,2022,AFDM,0.044,g,NA
LY_B_4.22_ADM_R2,20220914,Lyness,4,2022,AFDM,0,g_per_cm2,NA
LY_B_4.22_ADM_R3,20220914,Lyness,4,2022,AFDM,0.044,g,NA
LY_B_4.22_ADM_R3,20220914,Lyness,4,2022,AFDM,0,g_per_cm2,NA
LY_C_4.22_ADM_R1,20220914,Lyness,4,2022,AFDM,0.024,g,NA
LY_C_4.22_ADM_R1,20220914,Lyness,4,2022,AFDM,0,g_per_cm2,NA
LY_C_4.22_ADM_R2,20220914,Lyness,4,2022,AFDM,0.026,g,NA
LY_C_4.22_ADM_R2,20220914,Lyness,4,2022,AFDM,0,g_per_cm2,NA
LY_C_4.22_ADM_R3,20220914,Lyness,4,2022,AFDM,0.026,g,NA
LY_C_4.22_ADM_R3,20220914,Lyness,4,2022,AFDM,0,g_per_cm2,NA
FR_A_4.22_ADM_R1,20220915,Frog,4,2022,AFDM,0.067,g,NA
FR_A_4.22_ADM_R1,20220915,Frog,4,2022,AFDM,0.001,g_per_cm2,NA
FR_A_4.22_ADM_R2,20220915,Frog,4,2022,AFDM,0.151,g,NA
FR_A_4.22_ADM_R2,20220915,Frog,4,2022,AFDM,0.001,g_per_cm2,NA
FR_A_4.22_ADM_R3,20220915,Frog,4,2022,AFDM,0.043,g,NA
FR_A_4.22_ADM_R3,20220915,Frog,4,2022,AFDM,0,g_per_cm2,NA
FR_B_4.22_ADM_R1,20220915,Frog,4,2022,AFDM,0.045,g,NA
FR_B_4.22_ADM_R1,20220915,Frog,4,2022,AFDM,0,g_per_cm2,NA
FR_B_4.22_ADM_R2,20220915,Frog,4,2022,AFDM,0.029,g,NA
FR_B_4.22_ADM_R2,20220915,Frog,4,2022,AFDM,0,g_per_cm2,NA
FR_B_4.22_ADM_R3,20220915,Frog,4,2022,AFDM,0.032,g,NA
FR_B_4.22_ADM_R3,20220915,Frog,4,2022,AFDM,0,g_per_cm2,NA
FR_C_4.22_ADM_R1,20220915,Frog,4,2022,AFDM,0.005,g,NA
FR_C_4.22_ADM_R1,20220915,Frog,4,2022,AFDM,0,g_per_cm2,NA
FR_C_4.22_ADM_R2,20220915,Frog,4,2022,AFDM,0.014,g,NA
FR_C_4.22_ADM_R2,20220915,Frog,4,2022,AFDM,0,g_per_cm2,NA
FR_C_4.22_ADM_R3,20220915,Frog,4,2022,AFDM,0.007,g,NA
FR_C_4.22_ADM_R3,20220915,Frog,4,2022,AFDM,0,g_per_cm2,NA
TO_A_4.22_ADM_R1,20220915,Topaz,4,2022,AFDM,0.008,g,NA
TO_A_4.22_ADM_R1,20220915,Topaz,4,2022,AFDM,0,g_per_cm2,NA
TO_A_4.22_ADM_R2,20220915,Topaz,4,2022,AFDM,0.009,g,NA
TO_A_4.22_ADM_R2,20220915,Topaz,4,2022,AFDM,0,g_per_cm2,NA
TO_A_4.22_ADM_R3,20220915,Topaz,4,2022,AFDM,0.008,g,NA
TO_A_4.22_ADM_R3,20220915,Topaz,4,2022,AFDM,0,g_per_cm2,NA
TO_B_4.22_ADM_R1,20220915,Topaz,4,2022,AFDM,0.005,g,NA
TO_B_4.22_ADM_R1,20220915,Topaz,4,2022,AFDM,0,g_per_cm2,NA
TO_B_4.22_ADM_R2,20220915,Topaz,4,2022,AFDM,0.007,g,NA
TO_B_4.22_ADM_R2,20220915,Topaz,4,2022,AFDM,0,g_per_cm2,NA
TO_B_4.22_ADM_R3,20220915,Topaz,4,2022,AFDM,0.007,g,NA
TO_B_4.22_ADM_R3,20220915,Topaz,4,2022,AFDM,0,g_per_cm2,NA
TO_C_4.22_ADM_R1,20220915,Topaz,4,2022,AFDM,0.037,g,NA
TO_C_4.22_ADM_R1,20220915,Topaz,4,2022,AFDM,0,g_per_cm2,NA
TO_C_4.22_ADM_R2,20220915,Topaz,4,2022,AFDM,0.027,g,NA
TO_C_4.22_ADM_R2,20220915,Topaz,4,2022,AFDM,0,g_per_cm2,NA
TO_C_4.22_ADM_R3,20220915,Topaz,4,2022,AFDM,0.029,g,NA
TO_C_4.22_ADM_R3,20220915,Topaz,4,2022,AFDM,0,g_per_cm2,NA
